id,countryname,region,regionname,adminregion,adminregionname,incomelevel,incomelevelname,lendingtype,lendingtypename,year,HALE,EG,pop_totl,CO2,Urb,Hep,OIL_t,Oil
1,Algeria,MEA,Middle East and North Africa,MNA,Middle East and North Africa (excluding high income),LMC,Lower middle income,IBD,IBRD,2000,62.94,3553.324,30903893,2.845473,2.745489,295.6862,8.483,0.274496161
1,Algeria,MEA,Middle East and North Africa,MNA,Middle East and North Africa (excluding high income),LMC,Lower middle income,IBD,IBRD,2001,63.19,3610.006,31331221,2.73913,2.688062,337.8828,8.782,0.280295492
1,Algeria,MEA,Middle East and North Africa,MNA,Middle East and North Africa (excluding high income),LMC,Lower middle income,IBD,IBRD,2002,63.45,3754.661,31750835,2.824622,2.6216,347.5323,9.734,0.306574614
1,Algeria,MEA,Middle East and North Africa,MNA,Middle East and North Africa (excluding high income),LMC,Lower middle income,IBD,IBRD,2003,63.6,3945.898,32175818,2.999221,2.594727,361.9206,10.125,0.314677314
1,Algeria,MEA,Middle East and North Africa,MNA,Middle East and North Africa (excluding high income),LMC,Lower middle income,IBD,IBRD,2004,64,4066.282,32628286,2.961289,2.636235,376.1946,10.59,0.324565011
1,Algeria,MEA,Middle East and North Africa,MNA,Middle East and North Africa (excluding high income),LMC,Lower middle income,IBD,IBRD,2005,64.25,4223.603,33109249,3.062498,2.675391,369.6225,11.034396,0.333272313
1,Algeria,MEA,Middle East and North Africa,MNA,Middle East and North Africa (excluding high income),LMC,Lower middle income,IBD,IBRD,2006,64.47,4279.615,33623506,3.137716,2.729546,395.7243,11.5159,0.342495515
1,Algeria,MEA,Middle East and North Africa,MNA,Middle East and North Africa (excluding high income),LMC,Lower middle income,IBD,IBRD,2007,64.67,4339.25,34189416,3.18555,2.831154,470.7217,12.90056632,0.377326314
1,Algeria,MEA,Middle East and North Africa,MNA,Middle East and North Africa (excluding high income),LMC,Lower middle income,IBD,IBRD,2008,64.87,4367.565,34816961,3.265719,2.958505,530.4385,14.020728,0.402698214
1,Algeria,MEA,Middle East and North Africa,MNA,Middle East and North Africa (excluding high income),LMC,Lower middle income,IBD,IBRD,2009,65.04,4336.101,35490445,3.270895,3.012772,678.6644,14.868,0.418929658
1,Algeria,MEA,Middle East and North Africa,MNA,Middle East and North Africa (excluding high income),LMC,Lower middle income,IBD,IBRD,2010,65.23,4456.61,36188236,3.277714,3.009838,666.2862,14.975,0.413808509
1,Algeria,MEA,Middle East and North Africa,MNA,Middle East and North Africa (excluding high income),LMC,Lower middle income,IBD,IBRD,2011,65.36,4501.354,36903376,3.381669,2.982121,706.473,15.826,0.428849653
1,Algeria,MEA,Middle East and North Africa,MNA,Middle East and North Africa (excluding high income),LMC,Lower middle income,IBD,IBRD,2012,65.51,4518.44,37646166,3.725742,2.982963,809.0426,16.817,0.446712157
1,Algeria,MEA,Middle East and North Africa,MNA,Middle East and North Africa (excluding high income),LMC,Lower middle income,IBD,IBRD,2013,65.63,4543.234,38414171,3.792954,2.974116,801.4478,17.565,0.457253132
1,Algeria,MEA,Middle East and North Africa,MNA,Middle East and North Africa (excluding high income),LMC,Lower middle income,IBD,IBRD,2014,65.74,4634.102,39205031,3.95385,2.960638,867.7911,18.275,0.466139154
1,Algeria,MEA,Middle East and North Africa,MNA,Middle East and North Africa (excluding high income),LMC,Lower middle income,IBD,IBRD,2015,65.84,4685.059,40019529,4.119541,2.94518,853.5079,19.4626,0.486327563
1,Algeria,MEA,Middle East and North Africa,MNA,Middle East and North Africa (excluding high income),LMC,Lower middle income,IBD,IBRD,2016,65.98,4768.731,40850721,3.940942,2.914404,782.1357,18.9165,0.463064042
1,Algeria,MEA,Middle East and North Africa,MNA,Middle East and North Africa (excluding high income),LMC,Lower middle income,IBD,IBRD,2017,66.06,4742.901,41689299,3.995064,2.858423,773.7905,18.5683,0.445397271
1,Algeria,MEA,Middle East and North Africa,MNA,Middle East and North Africa (excluding high income),LMC,Lower middle income,IBD,IBRD,2018,66.06,4717.003,42505035,4.113294,2.735427,781.5744,18.7448,0.441001872
1,Algeria,MEA,Middle East and North Africa,MNA,Middle East and North Africa (excluding high income),LMC,Lower middle income,IBD,IBRD,2019,66.14,4672.664,43294546,4.195662,2.608496,729.4876,19.52315,0.450937862
1,Algeria,MEA,Middle East and North Africa,MNA,Middle East and North Africa (excluding high income),LMC,Lower middle income,IBD,IBRD,2020,64.14,4363.686,44042091,3.902928,2.452446,720.6746,17.4696,0.396656916
1,Algeria,MEA,Middle East and North Africa,MNA,Middle East and North Africa (excluding high income),LMC,Lower middle income,IBD,IBRD,2021,65.55,4456.747,44761099,4.015587,2.332911,685.835,18.21779,0.407000507
2,Argentina,LCN,Latin America and Caribbean,LAC,Latin America and Caribbean (excluding high income),UMC,Upper middle income,IBD,IBRD,2000,64.73,10631.65,37213984,3.675006,1.346498,1056.779,22.384,0.60149432
2,Argentina,LCN,Latin America and Caribbean,LAC,Latin America and Caribbean (excluding high income),UMC,Upper middle income,IBD,IBRD,2001,64.7,10051.95,37624825,3.490969,1.307504,1040.532,20.645,0.548706871
2,Argentina,LCN,Latin America and Caribbean,LAC,Latin America and Caribbean (excluding high income),UMC,Upper middle income,IBD,IBRD,2002,64.65,8861.562,38029349,3.262086,1.271829,822.722,19.671,0.517258394
2,Argentina,LCN,Latin America and Caribbean,LAC,Latin America and Caribbean (excluding high income),UMC,Upper middle income,IBD,IBRD,2003,64.63,9545.532,38424282,3.519761,1.229575,842.7422,20.064,0.522169809
2,Argentina,LCN,Latin America and Caribbean,LAC,Latin America and Caribbean (excluding high income),UMC,Upper middle income,IBD,IBRD,2004,65.11,10302.45,38815916,3.85751,1.207897,875.8442,21.479,0.553355484
2,Argentina,LCN,Latin America and Caribbean,LAC,Latin America and Caribbean (excluding high income),UMC,Upper middle income,IBD,IBRD,2005,65.37,11099.75,39216789,3.918725,1.217572,1024.66,22.499875,0.573730679
2,Argentina,LCN,Latin America and Caribbean,LAC,Latin America and Caribbean (excluding high income),UMC,Upper middle income,IBD,IBRD,2006,65.57,11870.28,39622115,4.104216,1.215786,1133.986,23.67961126,0.597636226
2,Argentina,LCN,Latin America and Caribbean,LAC,Latin America and Caribbean (excluding high income),UMC,Upper middle income,IBD,IBRD,2007,65.24,12811.9,40016763,4.327089,1.174967,1288.973,26.32824221,0.657930333
2,Argentina,LCN,Latin America and Caribbean,LAC,Latin America and Caribbean (excluding high income),UMC,Upper middle income,IBD,IBRD,2008,65.72,13197.36,40424148,4.435787,1.194208,1413.351,26.61282743,0.658339848
2,Argentina,LCN,Latin America and Caribbean,LAC,Latin America and Caribbean (excluding high income),UMC,Upper middle income,IBD,IBRD,2009,65.85,12285.38,40854831,4.0366,1.237459,1530.161,25.34600548,0.620391882
2,Argentina,LCN,Latin America and Caribbean,LAC,Latin America and Caribbean (excluding high income),UMC,Upper middle income,IBD,IBRD,2010,65.83,13387.16,41288694,4.296678,1.23043,1685.549,27.61120399,0.668735223
2,Argentina,LCN,Latin America and Caribbean,LAC,Latin America and Caribbean (excluding high income),UMC,Upper middle income,IBD,IBRD,2011,65.97,14040.62,41730660,4.430184,1.219823,1799.346,28.60531877,0.685474871
2,Argentina,LCN,Latin America and Caribbean,LAC,Latin America and Caribbean (excluding high income),UMC,Upper middle income,IBD,IBRD,2012,66.15,13754.43,42161721,4.479556,1.171529,1910.593,30.43082929,0.721764401
2,Argentina,LCN,Latin America and Caribbean,LAC,Latin America and Caribbean (excluding high income),UMC,Upper middle income,IBD,IBRD,2013,66.19,13946.09,42582455,4.538012,1.133332,1951.526,32.3239353,0.759090459
2,Argentina,LCN,Latin America and Caribbean,LAC,Latin America and Caribbean (excluding high income),UMC,Upper middle income,IBD,IBRD,2014,66.44,13456.13,43024071,4.418041,1.171921,1887.988,32.13119554,0.746819043
2,Argentina,LCN,Latin America and Caribbean,LAC,Latin America and Caribbean (excluding high income),UMC,Upper middle income,IBD,IBRD,2015,66.48,13679.63,43477012,4.51393,1.185054,2040.307,32.75938446,0.753487486
2,Argentina,LCN,Latin America and Caribbean,LAC,Latin America and Caribbean (excluding high income),UMC,Upper middle income,IBD,IBRD,2016,66.2,13265.89,43900313,4.42298,1.104335,1987.33,31.66725748,0.721344686
2,Argentina,LCN,Latin America and Caribbean,LAC,Latin America and Caribbean (excluding high income),UMC,Upper middle income,IBD,IBRD,2017,66.6,13520.11,44288894,4.321156,1.014308,2401.091,31.35152394,0.707886811
2,Argentina,LCN,Latin America and Caribbean,LAC,Latin America and Caribbean (excluding high income),UMC,Upper middle income,IBD,IBRD,2018,66.79,13058.33,44654882,4.251246,0.9547648,2388.695,29.85496803,0.6685712
2,Argentina,LCN,Latin America and Caribbean,LAC,Latin America and Caribbean (excluding high income),UMC,Upper middle income,IBD,IBRD,2019,66.9,12706.4,44973465,4.075445,0.8425218,2334.758,27.12817191,0.603203954
2,Argentina,LCN,Latin America and Caribbean,LAC,Latin America and Caribbean (excluding high income),UMC,Upper middle income,IBD,IBRD,2020,66.15,11393.05,45191965,3.764393,0.6150289,2182.313,24.37051244,0.539266492
2,Argentina,LCN,Latin America and Caribbean,LAC,Latin America and Caribbean (excluding high income),UMC,Upper middle income,IBD,IBRD,2021,64.79,12549.28,45312281,4.207734,0.3939043,2418.796,29.52875267,0.651672174
3,Australia,EAS,East Asia and Pacific,,,HIC,High income,LNX,Not classified,2000,68.11,45859.52,19028802,18.59653,0.9843338,2138.463,37.55422749,1.9735466
3,Australia,EAS,East Asia and Pacific,,,HIC,High income,LNX,Not classified,2001,68.41,46191.31,19274701,18.69851,1.123579,2257.972,37.63800532,1.952715392
3,Australia,EAS,East Asia and Pacific,,,HIC,High income,LNX,Not classified,2002,68.44,47486.28,19495210,18.90828,1.282498,2414.081,38.02970905,1.950720667
3,Australia,EAS,East Asia and Pacific,,,HIC,High income,LNX,Not classified,2003,68.68,48394.13,19720737,18.66639,1.293755,2540.011,37.83890493,1.918736857
3,Australia,EAS,East Asia and Pacific,,,HIC,High income,LNX,Not classified,2004,68.8,49902.02,19932722,19.16156,1.211375,2733.992,38.76226457,1.944654853
3,Australia,EAS,East Asia and Pacific,,,HIC,High income,LNX,Not classified,2005,68.85,50853.2,20176844,19.03596,1.35808,2825.655,39.35465218,1.950486021
3,Australia,EAS,East Asia and Pacific,,,HIC,High income,LNX,Not classified,2006,68.99,51553.97,20450966,19.0774,1.488863,3005.875,40.57386861,1.983958538
3,Australia,EAS,East Asia and Pacific,,,HIC,High income,LNX,Not classified,2007,69.22,52531.76,20827622,19.23721,1.968935,3177.442,41.56403836,1.995620929
3,Australia,EAS,East Asia and Pacific,,,HIC,High income,LNX,Not classified,2008,69.19,53336.1,21249199,19.0259,2.146458,3291.369,42.10689665,1.981575712
3,Australia,EAS,East Asia and Pacific,,,HIC,High income,LNX,Not classified,2009,69.49,53237.01,21691653,18.91324,2.202006,3545.916,41.39905592,1.908524718
3,Australia,EAS,East Asia and Pacific,,,HIC,High income,LNX,Not classified,2010,69.63,53578.81,22031750,18.84885,1.695502,3587.38,42.65679692,1.936151096
3,Australia,EAS,East Asia and Pacific,,,HIC,High income,LNX,Not classified,2011,69.66,54111.36,22340024,18.47848,1.527957,3770.501,44.97948813,2.013403752
3,Australia,EAS,East Asia and Pacific,,,HIC,High income,LNX,Not classified,2012,69.93,55257.57,22733465,18.1811,1.86533,3786.956,46.16367172,2.030648285
3,Australia,EAS,East Asia and Pacific,,,HIC,High income,LNX,Not classified,2013,70.09,55728.02,23128129,17.53935,1.838176,4160.105,47.53147549,2.05513708
3,Australia,EAS,East Asia and Pacific,,,HIC,High income,LNX,Not classified,2014,70.06,56327.85,23475686,16.87949,1.608455,4657.645,47.319036,2.01566148
3,Australia,EAS,East Asia and Pacific,,,HIC,High income,LNX,Not classified,2015,70.04,56739.03,23815995,16.81821,1.554801,4782.245,46.87910015,1.968387218
3,Australia,EAS,East Asia and Pacific,,,HIC,High income,LNX,Not classified,2016,70.27,57401.07,24190907,16.88676,1.67739,5031.326,46.95240361,1.940911253
3,Australia,EAS,East Asia and Pacific,,,HIC,High income,LNX,Not classified,2017,70.32,57750.65,24592588,16.70573,1.767969,5104.522,49.31077641,2.005107247
3,Australia,EAS,East Asia and Pacific,,,HIC,High income,LNX,Not classified,2018,70.54,58530.78,24963258,16.39236,1.621636,5306.762,50.20070983,2.010983896
3,Australia,EAS,East Asia and Pacific,,,HIC,High income,LNX,Not classified,2019,70.26,58924.73,25334826,16.0988,1.607625,5450.587,49.72574756,1.96274281
3,Australia,EAS,East Asia and Pacific,,,HIC,High income,LNX,Not classified,2020,70.73,58132.8,25649248,15.30334,1.369185,6044.075,43.01427741,1.677019046
3,Australia,EAS,East Asia and Pacific,,,HIC,High income,LNX,Not classified,2021,70.61,59276.5,25685412,14.97649,0.2811033,6614.927,44.12845773,1.718035815
4,Austria,ECS,Europe and Central Asia,,,HIC,High income,LNX,Not classified,2000,67.63,38571.09,8011566,8.324303,-0.220176,2707.197,12.15,1.516557437
4,Austria,ECS,Europe and Central Asia,,,HIC,High income,LNX,Not classified,2001,67.97,38929.75,8042293,8.875081,-0.0816253,2761.424,12.951,1.610361622
4,Austria,ECS,Europe and Central Asia,,,HIC,High income,LNX,Not classified,2002,68.01,39313.72,8081957,9.059192,0.0253699,2935.819,13.17,1.629555812
4,Austria,ECS,Europe and Central Asia,,,HIC,High income,LNX,Not classified,2003,67.94,39569.29,8121423,9.624619,0.0166746,3077.071,13.983,1.721742606
4,Austria,ECS,Europe and Central Asia,,,HIC,High income,LNX,Not classified,2004,68.27,40333.33,8171966,9.741242,0.1460331,3291.167,14.192,1.736668997
4,Austria,ECS,Europe and Central Asia,,,HIC,High income,LNX,Not classified,2005,68.42,40989.01,8227829,9.77293,0.2046095,3381.66,14.235037,1.730108513
4,Austria,ECS,Europe and Central Asia,,,HIC,High income,LNX,Not classified,2006,68.79,42120.16,8268641,9.465643,0.0158697,3595.845,14.163138,1.712873736
4,Austria,ECS,Europe and Central Asia,,,HIC,High income,LNX,Not classified,2007,69,43568.83,8295487,9.093884,-0.1605279,3765.096,13.58648,1.637815839
4,Austria,ECS,Europe and Central Asia,,,HIC,High income,LNX,Not classified,2008,69.22,44063.86,8321496,9.041271,-0.173991,4024.802,13.221112,1.588790285
4,Austria,ECS,Europe and Central Asia,,,HIC,High income,LNX,Not classified,2009,69.15,42372.48,8343323,8.156978,-0.2274521,4188.269,12.452928,1.492562136
4,Austria,ECS,Europe and Central Asia,,,HIC,High income,LNX,Not classified,2010,69.36,43035.41,8363404,8.823656,-0.2531731,4299.094,12.835961,1.534777108
4,Austria,ECS,Europe and Central Asia,,,HIC,High income,LNX,Not classified,2011,69.62,44146.2,8391643,8.603167,-0.1589218,4465.659,12.083274,1.439917547
4,Austria,ECS,Europe and Central Asia,,,HIC,High income,LNX,Not classified,2012,69.65,44221.46,8429991,8.188277,0.5119479,4750.582,11.830614,1.403395804
4,Austria,ECS,Europe and Central Asia,,,HIC,High income,LNX,Not classified,2013,69.81,43851.37,8479823,8.209216,0.9195602,4945.45,12.110422,1.428145611
4,Austria,ECS,Europe and Central Asia,,,HIC,High income,LNX,Not classified,2014,70.04,43838.84,8546356,7.714282,1.112385,5082.537,11.756954,1.375668648
4,Austria,ECS,Europe and Central Asia,,,HIC,High income,LNX,Not classified,2015,69.9,43915.23,8642699,7.794915,1.449001,5204.622,11.864467,1.372773366
4,Austria,ECS,Europe and Central Asia,,,HIC,High income,LNX,Not classified,2016,70.2,44362.67,8736668,7.758392,1.410062,5476.678,12.123359,1.387641032
4,Austria,ECS,Europe and Central Asia,,,HIC,High income,LNX,Not classified,2017,70.24,45056.64,8797566,7.968829,1.020479,5641.175,12.146817,1.380702003
4,Austria,ECS,Europe and Central Asia,,,HIC,High income,LNX,Not classified,2018,70.28,45951.58,8840521,7.599869,0.8359055,5904.618,12.335119,1.395293219
4,Austria,ECS,Europe and Central Asia,,,HIC,High income,LNX,Not classified,2019,70.44,46550.56,8879920,7.717772,0.8179106,6367.949,12.703045,1.430535973
4,Austria,ECS,Europe and Central Asia,,,HIC,High income,LNX,Not classified,2020,69.92,43428.7,8916864,7.020383,0.8125731,6644.416,11.032714,1.237286337
4,Austria,ECS,Europe and Central Asia,,,HIC,High income,LNX,Not classified,2021,69.79,45313.4,8955797,7.389102,0.8552268,7727.084,11.622589,1.297772716
5,Azerbaijan,ECS,Europe and Central Asia,ECA,Europe and Central Asia (excluding high income),UMC,Upper middle income,IBD,IBRD,2000,57.81,1480.809,8048600,3.577566,1.213444,96.22205,6.368644986,0.791273636
5,Azerbaijan,ECS,Europe and Central Asia,ECA,Europe and Central Asia (excluding high income),UMC,Upper middle income,IBD,IBRD,2001,58.69,1614.849,8111200,3.417127,1.165156,102.8364,4.025926829,0.496341704
5,Azerbaijan,ECS,Europe and Central Asia,ECA,Europe and Central Asia (excluding high income),UMC,Upper middle income,IBD,IBRD,2002,59.08,1754.135,8171950,3.363493,1.133118,111.5123,3.681,0.450443285
5,Azerbaijan,ECS,Europe and Central Asia,ECA,Europe and Central Asia (excluding high income),UMC,Upper middle income,IBD,IBRD,2003,59.17,1918.611,8234100,3.616096,1.145024,124.0288,4.3,0.522218579
5,Azerbaijan,ECS,Europe and Central Asia,ECA,Europe and Central Asia (excluding high income),UMC,Upper middle income,IBD,IBRD,2004,59.74,2077.885,8306500,3.551544,1.261301,134.2564,4.603,0.554144345
5,Azerbaijan,ECS,Europe and Central Asia,ECA,Europe and Central Asia (excluding high income),UMC,Upper middle income,IBD,IBRD,2005,59.83,2631.852,8391850,3.720181,1.404755,146.7005,5.376,0.640621555
5,Azerbaijan,ECS,Europe and Central Asia,ECA,Europe and Central Asia (excluding high income),UMC,Upper middle income,IBD,IBRD,2006,60.07,3501.165,8484550,3.764407,1.479626,186.4095,4.806,0.566441355
5,Azerbaijan,ECS,Europe and Central Asia,ECA,Europe and Central Asia (excluding high income),UMC,Upper middle income,IBD,IBRD,2007,61.36,4327.114,8581300,3.370212,1.51533,227.4364,4.759,0.554577978
5,Azerbaijan,ECS,Europe and Central Asia,ECA,Europe and Central Asia (excluding high income),UMC,Upper middle income,IBD,IBRD,2008,61,4693.077,8763400,3.677865,2.478011,260.3026,3.6626,0.417942808
5,Azerbaijan,ECS,Europe and Central Asia,ECA,Europe and Central Asia (excluding high income),UMC,Upper middle income,IBD,IBRD,2009,61.56,5023.967,8947243,3.127466,2.45287,382.1728,3.1058,0.347123689
5,Azerbaijan,ECS,Europe and Central Asia,ECA,Europe and Central Asia (excluding high income),UMC,Upper middle income,IBD,IBRD,2010,61.93,5215.204,9054332,2.941774,1.595057,384.5224,3.0503,0.336888464
5,Azerbaijan,ECS,Europe and Central Asia,ECA,Europe and Central Asia (excluding high income),UMC,Upper middle income,IBD,IBRD,2011,62.4,5152.838,9173082,3.212519,1.734595,380.8002,4.0217,0.438424076
5,Azerbaijan,ECS,Europe and Central Asia,ECA,Europe and Central Asia (excluding high income),UMC,Upper middle income,IBD,IBRD,2012,63.06,5194.921,9295784,3.472606,1.786348,499.4399,4.2109,0.452990302
5,Azerbaijan,ECS,Europe and Central Asia,ECA,Europe and Central Asia (excluding high income),UMC,Upper middle income,IBD,IBRD,2013,63.76,5426.096,9416801,3.526814,1.778515,549.3207,4.5797,0.486332885
5,Azerbaijan,ECS,Europe and Central Asia,ECA,Europe and Central Asia (excluding high income),UMC,Upper middle income,IBD,IBRD,2014,64.27,5506.182,9535079,3.641721,1.758498,619.4754,4.4968,0.471605951
5,Azerbaijan,ECS,Europe and Central Asia,ECA,Europe and Central Asia (excluding high income),UMC,Upper middle income,IBD,IBRD,2015,64.96,5500.503,9649341,3.577695,1.726309,641.64,4.5816,0.474809627
5,Azerbaijan,ECS,Europe and Central Asia,ECA,Europe and Central Asia (excluding high income),UMC,Upper middle income,IBD,IBRD,2016,65.24,5270.738,9757812,3.526907,1.677402,628.421,4.5639,0.467717558
5,Azerbaijan,ECS,Europe and Central Asia,ECA,Europe and Central Asia (excluding high income),UMC,Upper middle income,IBD,IBRD,2017,65.73,5229.71,9854033,3.473674,1.564773,568.6962,4.600282886,0.466842651
5,Azerbaijan,ECS,Europe and Central Asia,ECA,Europe and Central Asia (excluding high income),UMC,Upper middle income,IBD,IBRD,2018,66.14,5262.369,9939771,3.497254,1.4734,552.7119,5.1912,0.522265553
5,Azerbaijan,ECS,Europe and Central Asia,ECA,Europe and Central Asia (excluding high income),UMC,Upper middle income,IBD,IBRD,2019,66.62,5348.453,10024283,3.689172,1.475065,624.1956,5.2163,0.520366394
5,Azerbaijan,ECS,Europe and Central Asia,ECA,Europe and Central Asia (excluding high income),UMC,Upper middle income,IBD,IBRD,2020,63,5083.56,10093121,3.507736,1.335443,840.3529,4.7762,0.47321339
5,Azerbaijan,ECS,Europe and Central Asia,ECA,Europe and Central Asia (excluding high income),UMC,Upper middle income,IBD,IBRD,2021,64.04,5345.44,10137750,3.692595,1.11098,739.1857,5.3869,0.531370373
6,Bangladesh,SAS,South Asia,SAS,South Asia (excluding high income),LMC,Lower middle income,IDX,IDA,2000,56.66,620.5605,134544304,0.2004827,3.485769,27.28719,3.324,0.024705617
6,Bangladesh,SAS,South Asia,SAS,South Asia (excluding high income),LMC,Lower middle income,IDX,IDA,2001,57.18,641.2889,136805810,0.2385081,3.78919,28.30641,3.957,0.02892421
6,Bangladesh,SAS,South Asia,SAS,South Asia (excluding high income),LMC,Lower middle income,IDX,IDA,2002,57.54,655.6721,138933658,0.2471698,4.245608,32.08195,3.560802,0.025629513
6,Bangladesh,SAS,South Asia,SAS,South Asia (excluding high income),LMC,Lower middle income,IDX,IDA,2003,57.92,676.8262,140970351,0.2552508,4.137545,34.24816,3.643043,0.025842618
6,Bangladesh,SAS,South Asia,SAS,South Asia (excluding high income),LMC,Lower middle income,IDX,IDA,2004,58.4,702.6564,142902856,0.265234,4.019679,37.1987,3.799844,0.026590399
6,Bangladesh,SAS,South Asia,SAS,South Asia (excluding high income),LMC,Lower middle income,IDX,IDA,2005,58.76,739.2037,144715786,0.2789931,3.887273,41.57635,3.904743,0.02698215
6,Bangladesh,SAS,South Asia,SAS,South Asia (excluding high income),LMC,Lower middle income,IDX,IDA,2006,59.04,779.4196,146405973,0.2969975,3.767803,46.23859,3.931573,0.026853911
6,Bangladesh,SAS,South Asia,SAS,South Asia (excluding high income),LMC,Lower middle income,IDX,IDA,2007,59.35,825.5082,147989278,0.3122321,3.658558,51.87741,3.804082,0.025705119
6,Bangladesh,SAS,South Asia,SAS,South Asia (excluding high income),LMC,Lower middle income,IDX,IDA,2008,59.87,866.4581,149474264,0.343316,3.554302,54.11849,3.77567,0.025259666
6,Bangladesh,SAS,South Asia,SAS,South Asia (excluding high income),LMC,Lower middle income,IDX,IDA,2009,60.36,901.7296,150873714,0.3653062,3.457718,58.40617,3.569182,0.023656752
6,Bangladesh,SAS,South Asia,SAS,South Asia (excluding high income),LMC,Lower middle income,IDX,IDA,2010,60.76,943.6642,152201981,0.3991748,3.379526,64.82787,3.960125,0.026018879
6,Bangladesh,SAS,South Asia,SAS,South Asia (excluding high income),LMC,Lower middle income,IDX,IDA,2011,61.54,995.58,153591076,0.4250996,3.382431,72.13757,4.997407,0.032537092
6,Bangladesh,SAS,South Asia,SAS,South Asia (excluding high income),LMC,Lower middle income,IDX,IDA,2012,62.29,1050.391,155070101,0.4504898,3.388163,80.65941,5.721911,0.036898867
6,Bangladesh,SAS,South Asia,SAS,South Asia (excluding high income),LMC,Lower middle income,IDX,IDA,2013,62.69,1103.157,156532141,0.4603713,3.313627,84.36929,5.845046,0.037340868
6,Bangladesh,SAS,South Asia,SAS,South Asia (excluding high income),LMC,Lower middle income,IDX,IDA,2014,62.88,1159.408,157964929,0.4851514,3.243204,89.94864,6.437461,0.04075247
6,Bangladesh,SAS,South Asia,SAS,South Asia (excluding high income),LMC,Lower middle income,IDX,IDA,2015,63.22,1224.386,159383179,0.5360076,3.172709,94.87764,7.776694,0.048792439
6,Bangladesh,SAS,South Asia,SAS,South Asia (excluding high income),LMC,Lower middle income,IDX,IDA,2016,63.45,1299.831,160811932,0.584387,3.126244,108.2256,8.075161,0.050214937
6,Bangladesh,SAS,South Asia,SAS,South Asia (excluding high income),LMC,Lower middle income,IDX,IDA,2017,63.47,1373.754,162186147,0.6228948,3.035919,114.0777,9.100112061,0.056109059
6,Bangladesh,SAS,South Asia,SAS,South Asia (excluding high income),LMC,Lower middle income,IDX,IDA,2018,63.74,1462.25,163523103,0.645077,2.956502,121.6678,10.43029702,0.063784853
6,Bangladesh,SAS,South Asia,SAS,South Asia (excluding high income),LMC,Lower middle income,IDX,IDA,2019,63.98,1564.208,164913055,0.6553459,2.934632,129.1343,10.24472005,0.062121947
6,Bangladesh,SAS,South Asia,SAS,South Asia (excluding high income),LMC,Lower middle income,IDX,IDA,2020,63.34,1604.666,166298024,0.6161078,2.879197,134.9767,8.629259033,0.051890328
6,Bangladesh,SAS,South Asia,SAS,South Asia (excluding high income),LMC,Lower middle income,IDX,IDA,2021,63.05,1702.08,167658854,0.6959447,2.80926,155.854,11.868344,0.07078865
7,Belarus,ECS,Europe and Central Asia,ECA,Europe and Central Asia (excluding high income),UMC,Upper middle income,IBD,IBRD,2000,60.21,2615.369,9979610,5.637284,0.2330499,316.9544,7.747,0.776282841
7,Belarus,ECS,Europe and Central Asia,ECA,Europe and Central Asia (excluding high income),UMC,Upper middle income,IBD,IBRD,2001,59.9,2753.04,9928549,5.538151,0.1777589,368.1789,7.509,0.756303867
7,Belarus,ECS,Europe and Central Asia,ECA,Europe and Central Asia (excluding high income),UMC,Upper middle income,IBD,IBRD,2002,59.56,2910.406,9865548,5.594094,0.0437903,389.6206,7.915,0.802286908
7,Belarus,ECS,Europe and Central Asia,ECA,Europe and Central Asia (excluding high income),UMC,Upper middle income,IBD,IBRD,2003,59.95,3137.269,9796749,5.698799,-0.0310542,439.5117,8.02,0.818638918
7,Belarus,ECS,Europe and Central Asia,ECA,Europe and Central Asia (excluding high income),UMC,Upper middle income,IBD,IBRD,2004,60.3,3520.412,9730146,6.082725,-0.023415,503.4301,7.849,0.806668266
7,Belarus,ECS,Europe and Central Asia,ECA,Europe and Central Asia (excluding high income),UMC,Upper middle income,IBD,IBRD,2005,60.24,3877.726,9663915,6.210433,-0.035476,605.286,7.261,0.751351807
7,Belarus,ECS,Europe and Central Asia,ECA,Europe and Central Asia (excluding high income),UMC,Upper middle income,IBD,IBRD,2006,60.73,4291.695,9604924,6.502946,0.0241954,634.099,8.547,0.889856078
7,Belarus,ECS,Europe and Central Asia,ECA,Europe and Central Asia (excluding high income),UMC,Upper middle income,IBD,IBRD,2007,61.45,4682.217,9560953,6.385859,0.1668058,725.6401,7.748,0.810379467
7,Belarus,ECS,Europe and Central Asia,ECA,Europe and Central Asia (excluding high income),UMC,Upper middle income,IBD,IBRD,2008,61.6,5177.656,9527985,6.796946,0.2709158,760.6003,7.664,0.804367345
7,Belarus,ECS,Europe and Central Asia,ECA,Europe and Central Asia (excluding high income),UMC,Upper middle income,IBD,IBRD,2009,61.73,5200.785,9504583,6.483535,0.3572036,757.1907,8.898,0.936179946
7,Belarus,ECS,Europe and Central Asia,ECA,Europe and Central Asia (excluding high income),UMC,Upper middle income,IBD,IBRD,2010,61.66,5616.106,9483836,6.97162,0.4533282,868.3983,7.616,0.80305058
7,Belarus,ECS,Europe and Central Asia,ECA,Europe and Central Asia (excluding high income),UMC,Upper middle income,IBD,IBRD,2011,61.84,5941.703,9461643,6.654616,0.4543608,806.4455,8.319,0.879234188
7,Belarus,ECS,Europe and Central Asia,ECA,Europe and Central Asia (excluding high income),UMC,Upper middle income,IBD,IBRD,2012,63.09,6052.65,9446836,6.802944,0.5180667,948.0687,10.304,1.090735565
7,Belarus,ECS,Europe and Central Asia,ECA,Europe and Central Asia (excluding high income),UMC,Upper middle income,IBD,IBRD,2013,63.5,6115.446,9443211,6.822616,0.6226023,1079.413,7.602,0.805022783
7,Belarus,ECS,Europe and Central Asia,ECA,Europe and Central Asia (excluding high income),UMC,Upper middle income,IBD,IBRD,2014,63.97,6212.93,9448515,6.770249,0.7023718,1021.52,7.816,0.827219939
7,Belarus,ECS,Europe and Central Asia,ECA,Europe and Central Asia (excluding high income),UMC,Upper middle income,IBD,IBRD,2015,64.47,5967.068,9461076,6.253707,0.7671342,1094.522,6.543,0.691570388
7,Belarus,ECS,Europe and Central Asia,ECA,Europe and Central Asia (excluding high income),UMC,Upper middle income,IBD,IBRD,2016,64.62,5811.214,9469379,6.237135,0.707705,1047.96,7.076520786,0.747305688
7,Belarus,ECS,Europe and Central Asia,ECA,Europe and Central Asia (excluding high income),UMC,Upper middle income,IBD,IBRD,2017,64.93,5964.909,9458989,6.366537,0.4974272,1053.166,7.033436651,0.743571713
7,Belarus,ECS,Europe and Central Asia,ECA,Europe and Central Asia (excluding high income),UMC,Upper middle income,IBD,IBRD,2018,65.06,6165.926,9438785,6.733822,0.3744594,1069.273,8.231593314,0.872103063
7,Belarus,ECS,Europe and Central Asia,ECA,Europe and Central Asia (excluding high income),UMC,Upper middle income,IBD,IBRD,2019,65.44,6267.749,9419758,6.515507,0.3678784,1176.529,8.381692775,0.889799162
7,Belarus,ECS,Europe and Central Asia,ECA,Europe and Central Asia (excluding high income),UMC,Upper middle income,IBD,IBRD,2020,63.9,6252.002,9379952,6.201055,0.1303652,1305.574,8.073154173,0.860681822
7,Belarus,ECS,Europe and Central Asia,ECA,Europe and Central Asia (excluding high income),UMC,Upper middle income,IBD,IBRD,2021,63.71,6457.744,9302585,6.303377,-0.2924411,1417.203,7.605835999,0.817604569
8,Belgium,ECS,Europe and Central Asia,,,HIC,High income,LNX,Not classified,2000,67.21,35878.32,10251250,12.19067,0.3084313,2225.459,30.18400149,2.944421557
8,Belgium,ECS,Europe and Central Asia,,,HIC,High income,LNX,Not classified,2001,67.4,36148.29,10286570,12.24257,0.4026157,2352.184,30.59810177,2.974567982
8,Belgium,ECS,Europe and Central Asia,,,HIC,High income,LNX,Not classified,2002,67.41,36600.86,10332785,11.46771,0.50484,2524.579,30.7912996,2.979961317
8,Belgium,ECS,Europe and Central Asia,,,HIC,High income,LNX,Not classified,2003,67.47,36826.27,10376133,11.88994,0.475187,2840.534,32.58479945,3.140360619
8,Belgium,ECS,Europe and Central Asia,,,HIC,High income,LNX,Not classified,2004,67.92,37976.7,10421137,11.70516,0.4882785,2998.067,32.92160016,3.159117873
8,Belgium,ECS,Europe and Central Asia,,,HIC,High income,LNX,Not classified,2005,67.94,38645.26,10478617,11.37027,0.6044793,3069.318,32.74240019,3.124687178
8,Belgium,ECS,Europe and Central Asia,,,HIC,High income,LNX,Not classified,2006,68.19,39371.09,10547958,11.01553,0.7119075,3229.592,32.73220041,3.103178872
8,Belgium,ECS,Europe and Central Asia,,,HIC,High income,LNX,Not classified,2007,68.4,40520.09,10625700,10.6368,0.7866515,3374.522,33.08999855,3.114147638
8,Belgium,ECS,Europe and Central Asia,,,HIC,High income,LNX,Not classified,2008,68.38,40380.91,10709973,10.67992,0.8412395,3648.895,34.60129864,3.230754984
8,Belgium,ECS,Europe and Central Asia,,,HIC,High income,LNX,Not classified,2009,68.55,39293.64,10796493,9.948027,0.8537914,3910.975,30.14346857,2.791968519
8,Belgium,ECS,Europe and Central Asia,,,HIC,High income,LNX,Not classified,2010,68.57,39991.57,10895586,10.55262,0.9628097,4083.894,31.30453071,2.873138784
8,Belgium,ECS,Europe and Central Asia,,,HIC,High income,LNX,Not classified,2011,68.8,40236.96,11038264,9.473637,1.349117,4256.712,29.24418102,2.64934604
8,Belgium,ECS,Europe and Central Asia,,,HIC,High income,LNX,Not classified,2012,68.78,40074.49,11106932,9.281258,0.6672415,4454.036,28.10758858,2.530634795
8,Belgium,ECS,Europe and Central Asia,,,HIC,High income,LNX,Not classified,2013,69,40007.9,11159407,9.357352,0.5173691,4626.933,28.73252055,2.574735427
8,Belgium,ECS,Europe and Central Asia,,,HIC,High income,LNX,Not classified,2014,69.48,40533.91,11209057,8.718351,0.488912,4778.38,28.10670791,2.507499775
8,Belgium,ECS,Europe and Central Asia,,,HIC,High income,LNX,Not classified,2015,69.36,40893.8,11274196,9.080833,0.6233859,5004.605,28.80805147,2.555220032
8,Belgium,ECS,Europe and Central Asia,,,HIC,High income,LNX,Not classified,2016,69.64,41172.89,11331422,8.936301,0.5502232,5254.646,29.26312044,2.582475566
8,Belgium,ECS,Europe and Central Asia,,,HIC,High income,LNX,Not classified,2017,69.73,41619.33,11375158,8.764749,0.4281166,5459.604,29.69325165,2.610359491
8,Belgium,ECS,Europe and Central Asia,,,HIC,High income,LNX,Not classified,2018,69.83,42208.36,11427054,8.759747,0.496003,5719.704,31.86338267,2.788416216
8,Belgium,ECS,Europe and Central Asia,,,HIC,High income,LNX,Not classified,2019,70.1,43006.4,11488980,8.693766,0.5812716,6110.099,29.829145,2.596326654
8,Belgium,ECS,Europe and Central Asia,,,HIC,High income,LNX,Not classified,2020,69.33,40769.02,11538604,7.996375,0.4697439,6289.699,25.418004,2.202866482
8,Belgium,ECS,Europe and Central Asia,,,HIC,High income,LNX,Not classified,2021,69.79,43119.89,11586195,8.307386,0.4503429,6879.781,28.241534,2.437515854
9,Brazil,LCN,Latin America and Caribbean,LAC,Latin America and Caribbean (excluding high income),UMC,Upper middle income,IBD,IBRD,2000,60.92,6817.784,174018282,2.007819,2.236135,757.6672,91.35597817,0.524979198
9,Brazil,LCN,Latin America and Caribbean,LAC,Latin America and Caribbean (excluding high income),UMC,Upper middle income,IBD,IBRD,2001,61.14,6823.034,176301203,1.992685,1.746994,795.3396,92.30464268,0.523562183
9,Brazil,LCN,Latin America and Caribbean,LAC,Latin America and Caribbean (excluding high income),UMC,Upper middle income,IBD,IBRD,2002,61.3,6944.624,178503484,1.968645,1.641585,836.2877,90.45964744,0.506766845
9,Brazil,LCN,Latin America and Caribbean,LAC,Latin America and Caribbean (excluding high income),UMC,Upper middle income,IBD,IBRD,2003,61.49,6941.44,180622688,1.918139,1.573917,802.6236,87.83989954,0.486317087
9,Brazil,LCN,Latin America and Caribbean,LAC,Latin America and Caribbean (excluding high income),UMC,Upper middle income,IBD,IBRD,2004,61.64,7258.782,182675143,1.999386,1.516015,855.1034,90.7632603,0.496856106
9,Brazil,LCN,Latin America and Caribbean,LAC,Latin America and Caribbean (excluding high income),UMC,Upper middle income,IBD,IBRD,2005,62.13,7409.569,184688101,1.998954,1.474486,890.3192,92.47908874,0.500731169
9,Brazil,LCN,Latin America and Caribbean,LAC,Latin America and Caribbean (excluding high income),UMC,Upper middle income,IBD,IBRD,2006,62.33,7622.04,186653106,2.001784,1.430679,969.2678,94.59293635,0.506784689
9,Brazil,LCN,Latin America and Caribbean,LAC,Latin America and Caribbean (excluding high income),UMC,Upper middle income,IBD,IBRD,2007,62.61,8003.254,188552320,2.084555,1.378535,1039.207,99.5340883,0.527885779
9,Brazil,LCN,Latin America and Caribbean,LAC,Latin America and Caribbean (excluding high income),UMC,Upper middle income,IBD,IBRD,2008,62.83,8330.765,190367302,2.167916,1.31804,1076.868,103.7381409,0.544936761
9,Brazil,LCN,Latin America and Caribbean,LAC,Latin America and Caribbean (excluding high income),UMC,Upper middle income,IBD,IBRD,2009,63.02,8246.097,192079951,2.006775,1.247256,1124.111,102.6206523,0.534260092
9,Brazil,LCN,Latin America and Caribbean,LAC,Latin America and Caribbean (excluding high income),UMC,Upper middle income,IBD,IBRD,2010,63.15,8792.635,193701929,2.270341,1.186532,1148.049,109.6862316,0.56626298
9,Brazil,LCN,Latin America and Caribbean,LAC,Latin America and Caribbean (excluding high income),UMC,Upper middle income,IBD,IBRD,2011,63.25,9067.993,195284734,2.373464,1.16418,1184.724,113.3651998,0.58051235
9,Brazil,LCN,Latin America and Caribbean,LAC,Latin America and Caribbean (excluding high income),UMC,Upper middle income,IBD,IBRD,2012,63.48,9167.499,196876111,2.528103,1.156032,1178.294,119.825806,0.60863558
9,Brazil,LCN,Latin America and Caribbean,LAC,Latin America and Caribbean (excluding high income),UMC,Upper middle income,IBD,IBRD,2013,63.63,9366.739,198478299,2.636097,1.146721,1259.474,123.1723246,0.620583334
9,Brazil,LCN,Latin America and Caribbean,LAC,Latin America and Caribbean (excluding high income),UMC,Upper middle income,IBD,IBRD,2014,63.82,9338.343,200085127,2.729587,1.137888,1337.469,128.1475262,0.640465027
9,Brazil,LCN,Latin America and Caribbean,LAC,Latin America and Caribbean (excluding high income),UMC,Upper middle income,IBD,IBRD,2015,63.91,8936.196,201675532,2.566447,1.116371,1331.81,120.2202218,0.596107126
9,Brazil,LCN,Latin America and Caribbean,LAC,Latin America and Caribbean (excluding high income),UMC,Upper middle income,IBD,IBRD,2016,63.8,8577.844,203218114,2.373948,1.078598,1326.092,113.499486,0.558510675
9,Brazil,LCN,Latin America and Caribbean,LAC,Latin America and Caribbean (excluding high income),UMC,Upper middle income,IBD,IBRD,2017,64.14,8628.253,204703445,2.415683,1.038079,1396.699,114.5099463,0.559394329
9,Brazil,LCN,Latin America and Caribbean,LAC,Latin America and Caribbean (excluding high income),UMC,Upper middle income,IBD,IBRD,2018,64.4,8722.336,206107261,2.284095,0.9842303,1444.88,108.9762501,0.528735618
9,Brazil,LCN,Latin America and Caribbean,LAC,Latin America and Caribbean (excluding high income),UMC,Upper middle income,IBD,IBRD,2019,64.53,8771.44,207455459,2.256514,0.9461241,1502.481,108.4273396,0.522653586
9,Brazil,LCN,Latin America and Caribbean,LAC,Latin America and Caribbean (excluding high income),UMC,Upper middle income,IBD,IBRD,2020,63.27,8435.012,208660842,2.144262,0.8657272,1465.043,102.610211,0.491755952
9,Brazil,LCN,Latin America and Caribbean,LAC,Latin America and Caribbean (excluding high income),UMC,Upper middle income,IBD,IBRD,2021,61.83,8799.229,209550294,2.414654,0.7051935,1623.036,110.7194215,0.528366815
10,Bulgaria,ECS,Europe and Central Asia,ECA,Europe and Central Asia (excluding high income),UMC,Upper middle income,IBD,IBRD,2000,62.76,3721.303,8170172,5.896424,-0.1711576,373.4832,4.254999496,0.520796808
10,Bulgaria,ECS,Europe and Central Asia,ECA,Europe and Central Asia (excluding high income),UMC,Upper middle income,IBD,IBRD,2001,62.9,3941.276,8009142,6.295581,-1.603864,469.2783,4.400999756,0.549497032
10,Bulgaria,ECS,Europe and Central Asia,ECA,Europe and Central Asia (excluding high income),UMC,Upper middle income,IBD,IBRD,2002,63.15,4264.272,7837161,6.072926,-1.654432,559.7835,4.456999893,0.568700821
10,Bulgaria,ECS,Europe and Central Asia,ECA,Europe and Central Asia (excluding high income),UMC,Upper middle income,IBD,IBRD,2003,63.32,4523.286,7775327,6.875621,-0.2827967,603.7028,4.69400116,0.603704662
10,Bulgaria,ECS,Europe and Central Asia,ECA,Europe and Central Asia (excluding high income),UMC,Upper middle income,IBD,IBRD,2004,63.47,4854.273,7716860,6.668632,-0.2494956,631.7661,4.534999939,0.587674253
10,Bulgaria,ECS,Europe and Central Asia,ECA,Europe and Central Asia (excluding high income),UMC,Upper middle income,IBD,IBRD,2005,63.51,5236.086,7658972,6.853152,-0.2544481,706.3604,5.020999542,0.655570949
10,Bulgaria,ECS,Europe and Central Asia,ECA,Europe and Central Asia (excluding high income),UMC,Upper middle income,IBD,IBRD,2006,63.64,5634.911,7601022,7.108689,-0.2676901,741.662,5.074000549,0.667541884
10,Bulgaria,ECS,Europe and Central Asia,ECA,Europe and Central Asia (excluding high income),UMC,Upper middle income,IBD,IBRD,2007,63.9,6054.232,7545338,7.638743,-0.2486788,786.5557,4.983000366,0.660407839
10,Bulgaria,ECS,Europe and Central Asia,ECA,Europe and Central Asia (excluding high income),UMC,Upper middle income,IBD,IBRD,2008,64.16,6470.59,7492561,7.281996,-0.2204666,898.3409,4.859999298,0.648643274
10,Bulgaria,ECS,Europe and Central Asia,ECA,Europe and Central Asia (excluding high income),UMC,Upper middle income,IBD,IBRD,2009,64.43,6294.434,7444443,6.250864,-0.1692907,932.488,4.447000183,0.597358349
10,Bulgaria,ECS,Europe and Central Asia,ECA,Europe and Central Asia (excluding high income),UMC,Upper middle income,IBD,IBRD,2010,64.52,6434.552,7395599,6.694211,-0.1883149,1057.347,4.111000305,0.555871175
10,Bulgaria,ECS,Europe and Central Asia,ECA,Europe and Central Asia (excluding high income),UMC,Upper middle income,IBD,IBRD,2011,64.85,6611.304,7348328,7.455111,-0.1775974,1115.256,3.874000443,0.527194818
10,Bulgaria,ECS,Europe and Central Asia,ECA,Europe and Central Asia (excluding high income),UMC,Upper middle income,IBD,IBRD,2012,65.04,6699.503,7305888,6.832174,-0.1163354,1227.333,4.053000122,0.554758042
10,Bulgaria,ECS,Europe and Central Asia,ECA,Europe and Central Asia (excluding high income),UMC,Upper middle income,IBD,IBRD,2013,65.43,6700.536,7265115,6.118403,-0.0975441,1185.871,3.781999878,0.520569857
10,Bulgaria,ECS,Europe and Central Asia,ECA,Europe and Central Asia (excluding high income),UMC,Upper middle income,IBD,IBRD,2014,65.15,6802.71,7223938,6.549724,-0.1084084,1349.417,4.073000122,0.563819917
10,Bulgaria,ECS,Europe and Central Asia,ECA,Europe and Central Asia (excluding high income),UMC,Upper middle income,IBD,IBRD,2015,65.3,7078.86,7177991,6.945425,-0.1788459,1354.824,4.53699881,0.632070841
10,Bulgaria,ECS,Europe and Central Asia,ECA,Europe and Central Asia (excluding high income),UMC,Upper middle income,IBD,IBRD,2016,65.47,7344.443,7127822,6.611052,-0.2442636,1491.412,4.621000183,0.648304655
10,Bulgaria,ECS,Europe and Central Asia,ECA,Europe and Central Asia (excluding high income),UMC,Upper middle income,IBD,IBRD,2017,65.44,7601.438,7075947,6.964368,-0.2740614,1602.668,4.869027383,0.688109646
10,Bulgaria,ECS,Europe and Central Asia,ECA,Europe and Central Asia (excluding high income),UMC,Upper middle income,IBD,IBRD,2018,65.55,7851.726,7025037,6.58119,-0.2691021,1680.796,4.844006666,0.689534684
10,Bulgaria,ECS,Europe and Central Asia,ECA,Europe and Central Asia (excluding high income),UMC,Upper middle income,IBD,IBRD,2019,65.67,8206.781,6975761,6.389711,-0.25297,1804.21,5.07793,0.727939217
10,Bulgaria,ECS,Europe and Central Asia,ECA,Europe and Central Asia (excluding high income),UMC,Upper middle income,IBD,IBRD,2020,64.38,7990.692,6934015,5.695243,-0.1513313,2177.552,4.5401,0.654757741
10,Bulgaria,ECS,Europe and Central Asia,ECA,Europe and Central Asia (excluding high income),UMC,Upper middle income,IBD,IBRD,2021,62.39,8682.882,6877743,6.657053,-0.3679534,2520.312,4.758409,0.69185618
11,Canada,NAC,North America,,,HIC,High income,LNX,Not classified,2000,68.54,37906.86,30685730,17.69698,1.404226,2405.671,92.33252455,3.008972723
11,Canada,NAC,North America,,,HIC,High income,LNX,Not classified,2001,68.68,38200.46,31020855,17.22421,1.503056,2591.259,95.00292263,3.062550102
11,Canada,NAC,North America,,,HIC,High income,LNX,Not classified,2002,68.74,38921.67,31359199,17.66725,1.18248,2727.045,98.64670774,3.145702406
11,Canada,NAC,North America,,,HIC,High income,LNX,Not classified,2003,68.82,39270.02,31642461,18.13019,0.9980668,2897.4,102.5435359,3.240694076
11,Canada,NAC,North America,,,HIC,High income,LNX,Not classified,2004,68.99,40108.76,31938807,17.52505,1.029679,3057.419,107.449152,3.364219333
11,Canada,NAC,North America,,,HIC,High income,LNX,Not classified,2005,69.04,41006.22,32242732,18.02253,1.043237,3262.439,104.4241839,3.238689076
11,Canada,NAC,North America,,,HIC,High income,LNX,Not classified,2006,69.33,41663.51,32571193,17.60884,1.127071,3534.325,105.2079784,3.230092873
11,Canada,NAC,North America,,,HIC,High income,LNX,Not classified,2007,69.32,42106.87,32888886,18.06143,1.198538,3708.539,108.0499889,3.285304006
11,Canada,NAC,North America,,,HIC,High income,LNX,Not classified,2008,69.43,42067.57,33247298,17.28148,1.309995,3848.014,104.0699164,3.130176665
11,Canada,NAC,North America,,,HIC,High income,LNX,Not classified,2009,69.65,40376.41,33630069,16.11071,1.367843,4134.198,101.684386,3.023615148
11,Canada,NAC,North America,,,HIC,High income,LNX,Not classified,2010,69.83,41164.34,34005902,16.51488,1.332757,4268.166,105.7023944,3.108354378
11,Canada,NAC,North America,,,HIC,High income,LNX,Not classified,2011,70.03,42043.64,34339221,16.77066,1.171664,4309.681,105.7587932,3.079825056
11,Canada,NAC,North America,,,HIC,High income,LNX,Not classified,2012,70.08,42320.64,34713395,16.34155,1.134289,4432.818,107.2873427,3.090661191
11,Canada,NAC,North America,,,HIC,High income,LNX,Not classified,2013,70.13,42851.17,35080992,16.39763,1.103902,4597.034,106.6014768,3.038724698
11,Canada,NAC,North America,,,HIC,High income,LNX,Not classified,2014,70.16,43643.23,35434066,16.38206,1.050685,4679.899,106.1256734,2.995018224
11,Canada,NAC,North America,,,HIC,High income,LNX,Not classified,2015,70.19,43594.2,35704498,16.16406,0.8107678,4775.611,106.2283925,2.975210365
11,Canada,NAC,North America,,,HIC,High income,LNX,Not classified,2016,70.21,43551.34,36110803,15.94734,1.181984,5105.813,105.5600884,2.92322739
11,Canada,NAC,North America,,,HIC,High income,LNX,Not classified,2017,70.15,44339.39,36545075,16.22775,1.256919,5245.316,104.65681,2.863773298
11,Canada,NAC,North America,,,HIC,High income,LNX,Not classified,2018,70.12,44907.34,37072620,16.55287,1.508182,5437.048,107.9696681,2.912382997
11,Canada,NAC,North America,,,HIC,High income,LNX,Not classified,2019,70.3,45100.29,37618495,16.14231,1.548885,5560.361,107.6970637,2.862875395
11,Canada,NAC,North America,,,HIC,High income,LNX,Not classified,2020,69.63,42366.13,38028638,14.37535,1.182503,6304.793,91.51788152,2.40655165
11,Canada,NAC,North America,,,HIC,High income,LNX,Not classified,2021,69.78,44359.62,38239864,14.68692,0.6654104,6889.058,95.23121913,2.490365006
12,Chile,LCN,Latin America and Caribbean,,,HIC,High income,IBD,IBRD,2000,66.26,8465.354,15503635,3.473482,1.539344,656.3107,11.52148903,0.743147593
12,Chile,LCN,Latin America and Caribbean,,,HIC,High income,IBD,IBRD,2001,66.21,8632.015,15683849,3.293662,1.492053,693.8033,11.22354415,0.715611592
12,Chile,LCN,Latin America and Caribbean,,,HIC,High income,IBD,IBRD,2002,66.61,8810.69,15857925,3.291238,1.384767,730.45,11.41214343,0.719649225
12,Chile,LCN,Latin America and Caribbean,,,HIC,High income,IBD,IBRD,2003,66.66,9130.784,16024752,3.377238,1.114611,776.4409,11.32073007,0.706452747
12,Chile,LCN,Latin America and Caribbean,,,HIC,High income,IBD,IBRD,2004,66.7,9642.375,16187322,3.613556,1.078592,802.4501,12.7248051,0.78609699
12,Chile,LCN,Latin America and Caribbean,,,HIC,High income,IBD,IBRD,2005,67.02,10104.42,16348778,3.617157,1.059337,831.3057,13.10314884,0.801475733
12,Chile,LCN,Latin America and Caribbean,,,HIC,High income,IBD,IBRD,2006,67.39,10611.61,16509195,3.655726,1.044396,941.8693,13.43046951,0.8135145
12,Chile,LCN,Latin America and Caribbean,,,HIC,High income,IBD,IBRD,2007,67.46,11051.34,16671581,4.063496,1.045571,1037.349,16.77944135,1.006469713
12,Chile,LCN,Latin America and Caribbean,,,HIC,High income,IBD,IBRD,2008,68.04,11356.09,16838988,4.235225,1.067011,1103.666,17.71988297,1.052312822
12,Chile,LCN,Latin America and Caribbean,,,HIC,High income,IBD,IBRD,2009,67.95,11116.41,17009731,4.010534,1.075544,1156.514,16.71205007,0.982499375
12,Chile,LCN,Latin America and Caribbean,,,HIC,High income,IBD,IBRD,2010,67.86,11649.29,17181464,4.20892,1.070034,1221.926,15.17832592,0.883412841
12,Chile,LCN,Latin America and Caribbean,,,HIC,High income,IBD,IBRD,2011,68.37,12252.84,17351816,4.556734,1.05319,1368.169,15.79081666,0.910038272
12,Chile,LCN,Latin America and Caribbean,,,HIC,High income,IBD,IBRD,2012,68.39,12882.83,17519119,4.642951,1.024964,1499.802,16.41169384,0.936787623
12,Chile,LCN,Latin America and Caribbean,,,HIC,High income,IBD,IBRD,2013,68.53,13182.73,17687006,4.828516,1.019095,1659.647,16.31790521,0.922592847
12,Chile,LCN,Latin America and Caribbean,,,HIC,High income,IBD,IBRD,2014,68.59,13285.95,17864195,4.405203,1.06213,1768.542,16.10583332,0.901570618
12,Chile,LCN,Latin America and Caribbean,,,HIC,High income,IBD,IBRD,2015,68.71,13433.92,18047625,4.673673,1.086835,1876.417,15.81808769,0.876463673
12,Chile,LCN,Latin America and Caribbean,,,HIC,High income,IBD,IBRD,2016,68.96,13505.1,18267221,4.862913,1.280363,1990.215,16.7025055,0.914342992
12,Chile,LCN,Latin America and Caribbean,,,HIC,High income,IBD,IBRD,2017,69.11,13473.35,18558868,4.834196,1.661704,2208.562,16.92791426,0.912119977
12,Chile,LCN,Latin America and Caribbean,,,HIC,High income,IBD,IBRD,2018,69.33,13763.01,18893191,4.752231,1.86993,2315.518,17.56768693,0.929842234
12,Chile,LCN,Latin America and Caribbean,,,HIC,High income,IBD,IBRD,2019,69.37,13630.59,19197744,4.959708,1.689297,2384.374,17.48269385,0.910663974
12,Chile,LCN,Latin America and Caribbean,,,HIC,High income,IBD,IBRD,2020,68.34,12679.02,19370624,4.516024,0.9922862,2458.361,16.00148806,0.826069829
12,Chile,LCN,Latin America and Caribbean,,,HIC,High income,IBD,IBRD,2021,67.65,14053.87,19456334,4.578165,0.5440394,2828.626,17.54342303,0.90168184
13,China,EAS,East Asia and Pacific,EAP,East Asia and Pacific (excluding high income),UMC,Upper middle income,IBD,IBRD,2000,63.13,2193.897,1262645000,2.904182,3.649253,130.1714,221.14855,0.175147052
13,China,EAS,East Asia and Pacific,EAP,East Asia and Pacific (excluding high income),UMC,Upper middle income,IBD,IBRD,2001,63.41,2359.572,1271850000,3.023026,4.059566,135.1408,225.71308,0.177468318
13,China,EAS,East Asia and Pacific,EAP,East Asia and Pacific (excluding high income),UMC,Upper middle income,IBD,IBRD,2002,63.7,2557.892,1280400000,3.241626,4.198001,153.5335,244.06818,0.190618697
13,China,EAS,East Asia and Pacific,EAP,East Asia and Pacific (excluding high income),UMC,Upper middle income,IBD,IBRD,2003,63.93,2797.177,1288400000,3.71846,4.078403,172.8292,273.0021,0.211892347
13,China,EAS,East Asia and Pacific,EAP,East Asia and Pacific (excluding high income),UMC,Upper middle income,IBD,IBRD,2004,64.17,3061.833,1296075000,4.259582,3.975372,188.6317,318.8170082,0.245986543
13,China,EAS,East Asia and Pacific,EAP,East Asia and Pacific (excluding high income),UMC,Upper middle income,IBD,IBRD,2005,64.6,3390.716,1303720000,4.805285,3.882473,210.5213,323.6056267,0.248217122
13,China,EAS,East Asia and Pacific,EAP,East Asia and Pacific (excluding high income),UMC,Upper middle income,IBD,IBRD,2006,65.28,3800.766,1311020000,5.302701,3.674728,229.5746,346.5824632,0.264360927
13,China,EAS,East Asia and Pacific,EAP,East Asia and Pacific (excluding high income),UMC,Upper middle income,IBD,IBRD,2007,65.75,4319.031,1317885000,5.73304,3.511256,249.4664,363.1958052,0.275589907
13,China,EAS,East Asia and Pacific,EAP,East Asia and Pacific (excluding high income),UMC,Upper middle income,IBD,IBRD,2008,65.92,4711.644,1324655000,5.875814,3.433958,292.5623,370.8677312,0.279973073
13,China,EAS,East Asia and Pacific,EAP,East Asia and Pacific (excluding high income),UMC,Upper middle income,IBD,IBRD,2009,66.28,5128.904,1331260000,6.272107,3.338103,357.3436,385.9387669,0.289904877
13,China,EAS,East Asia and Pacific,EAP,East Asia and Pacific (excluding high income),UMC,Upper middle income,IBD,IBRD,2010,66.51,5647.069,1337705000,6.828166,3.255366,384.1281,440.8363627,0.329546771
13,China,EAS,East Asia and Pacific,EAP,East Asia and Pacific (excluding high income),UMC,Upper middle income,IBD,IBRD,2011,66.82,6152.697,1345035000,7.423206,3.123377,438.5258,455.5308376,0.338675824
13,China,EAS,East Asia and Pacific,EAP,East Asia and Pacific (excluding high income),UMC,Upper middle income,IBD,IBRD,2012,67.16,6591.663,1354190000,7.604476,3.130656,504.6678,477.3152635,0.35247289
13,China,EAS,East Asia and Pacific,EAP,East Asia and Pacific (excluding high income),UMC,Upper middle income,IBD,IBRD,2013,67.43,7056.423,1363240000,7.916536,3.048365,556.532,498.2083338,0.365459005
13,China,EAS,East Asia and Pacific,EAP,East Asia and Pacific (excluding high income),UMC,Upper middle income,IBD,IBRD,2014,67.7,7532.785,1371860000,7.957753,2.953497,592.1189,518.0764071,0.377645246
13,China,EAS,East Asia and Pacific,EAP,East Asia and Pacific (excluding high income),UMC,Upper middle income,IBD,IBRD,2015,67.93,8016.446,1379860000,7.810149,2.84287,632.4471,557.0297813,0.403685723
13,China,EAS,East Asia and Pacific,EAP,East Asia and Pacific (excluding high income),UMC,Upper middle income,IBD,IBRD,2016,68.08,8516.528,1387790000,7.785797,2.775642,663.267,574.35838,0.413865484
13,China,EAS,East Asia and Pacific,EAP,East Asia and Pacific (excluding high income),UMC,Upper middle income,IBD,IBRD,2017,68.23,9053.229,1396215000,7.905034,2.739664,710.703,605.7323001,0.433838843
13,China,EAS,East Asia and Pacific,EAP,East Asia and Pacific (excluding high income),UMC,Upper middle income,IBD,IBRD,2018,68.34,9619.21,1402760000,8.249748,2.503401,788.7214,634.8739,0.45258911
13,China,EAS,East Asia and Pacific,EAP,East Asia and Pacific (excluding high income),UMC,Upper middle income,IBD,IBRD,2019,68.45,10155.51,1407745000,8.418139,2.290177,884.9807,666.9465,0.473769397
13,China,EAS,East Asia and Pacific,EAP,East Asia and Pacific (excluding high income),UMC,Upper middle income,IBD,IBRD,2020,68.51,10358.17,1411100000,8.519901,2.07814,963.8324,675.7421,0.478876125
13,China,EAS,East Asia and Pacific,EAP,East Asia and Pacific (excluding high income),UMC,Upper middle income,IBD,IBRD,2021,68.58,11223.25,1412360000,8.936543,1.83853,1035.042,691.6022,0.489678411
14,Colombia,LCN,Latin America and Caribbean,LAC,Latin America and Caribbean (excluding high income),UMC,Upper middle income,IBD,IBRD,2000,63.32,4016.81,39089934,1.600775,2.217016,378.4341,10.88269595,0.278401492
14,Colombia,LCN,Latin America and Caribbean,LAC,Latin America and Caribbean (excluding high income),UMC,Upper middle income,IBD,IBRD,2001,63.41,4020.508,39709262,1.566448,2.140929,408.4225,10.82723671,0.272662753
14,Colombia,LCN,Latin America and Caribbean,LAC,Latin America and Caribbean (excluding high income),UMC,Upper middle income,IBD,IBRD,2002,63.57,4058.285,40324680,1.48206,2.098336,403.9297,10.72414142,0.265944861
14,Colombia,LCN,Latin America and Caribbean,LAC,Latin America and Caribbean (excluding high income),UMC,Upper middle income,IBD,IBRD,2003,64.19,4154.175,40937429,1.44758,2.060081,424.7311,10.72477101,0.261979594
14,Colombia,LCN,Latin America and Caribbean,LAC,Latin America and Caribbean (excluding high income),UMC,Upper middle income,IBD,IBRD,2004,64.53,4311.916,41543171,1.427082,2.011167,454.5635,11.6211833,0.279737512
14,Colombia,LCN,Latin America and Caribbean,LAC,Latin America and Caribbean (excluding high income),UMC,Upper middle income,IBD,IBRD,2005,64.92,4457.275,42128977,1.449147,1.933091,506.4435,11.5212483,0.273475625
14,Colombia,LCN,Latin America and Caribbean,LAC,Latin America and Caribbean (excluding high income),UMC,Upper middle income,IBD,IBRD,2006,65.15,4694.035,42691084,1.362491,1.848893,574.1201,12.30538633,0.288242536
14,Colombia,LCN,Latin America and Caribbean,LAC,Latin America and Caribbean (excluding high income),UMC,Upper middle income,IBD,IBRD,2007,65.57,4947.252,43235374,1.395973,1.779817,636.702,12.58664083,0.291119046
14,Colombia,LCN,Latin America and Caribbean,LAC,Latin America and Caribbean (excluding high income),UMC,Upper middle income,IBD,IBRD,2008,65.78,5048.572,43758808,1.37794,1.707223,698.0016,12.41155435,0.283635568
14,Colombia,LCN,Latin America and Caribbean,LAC,Latin America and Caribbean (excluding high income),UMC,Upper middle income,IBD,IBRD,2009,66.05,5046.971,44271541,1.440232,1.659777,750.4342,12.49058011,0.282135652
14,Colombia,LCN,Latin America and Caribbean,LAC,Latin America and Caribbean (excluding high income),UMC,Upper middle income,IBD,IBRD,2010,66.25,5214.246,44777319,1.468909,1.620696,758.8635,13.1866421,0.294493784
14,Colombia,LCN,Latin America and Caribbean,LAC,Latin America and Caribbean (excluding high income),UMC,Upper middle income,IBD,IBRD,2011,66.82,5517.101,45259614,1.564176,1.54607,785.9473,13.90567611,0.307242481
14,Colombia,LCN,Latin America and Caribbean,LAC,Latin America and Caribbean (excluding high income),UMC,Upper middle income,IBD,IBRD,2012,67.04,5675.756,45715810,1.554613,1.469044,809.0226,14.87546898,0.325390034
14,Colombia,LCN,Latin America and Caribbean,LAC,Latin America and Caribbean (excluding high income),UMC,Upper middle income,IBD,IBRD,2013,67.29,5910.806,46151584,1.753541,1.405093,890.8295,15.51644124,0.336206039
14,Colombia,LCN,Latin America and Caribbean,LAC,Latin America and Caribbean (excluding high income),UMC,Upper middle income,IBD,IBRD,2014,67.44,6121.84,46565429,1.764637,1.339466,954.8618,16.40886475,0.352382982
14,Colombia,LCN,Latin America and Caribbean,LAC,Latin America and Caribbean (excluding high income),UMC,Upper middle income,IBD,IBRD,2015,67.45,6248.515,46969940,1.778216,1.303445,999.68,14.69290584,0.312815086
14,Colombia,LCN,Latin America and Caribbean,LAC,Latin America and Caribbean (excluding high income),UMC,Upper middle income,IBD,IBRD,2016,67.62,6316.071,47437512,1.809812,1.420893,1056.385,18.15226649,0.382656377
14,Colombia,LCN,Latin America and Caribbean,LAC,Latin America and Caribbean (excluding high income),UMC,Upper middle income,IBD,IBRD,2017,67.79,6309.677,48131078,1.624277,1.87252,1105.772,17.77129405,0.369227011
14,Colombia,LCN,Latin America and Caribbean,LAC,Latin America and Caribbean (excluding high income),UMC,Upper middle income,IBD,IBRD,2018,67.8,6353.546,49024465,1.672659,2.250987,1162.068,18.04909807,0.368165121
14,Colombia,LCN,Latin America and Caribbean,LAC,Latin America and Caribbean (excluding high income),UMC,Upper middle income,IBD,IBRD,2019,67.9,6439.963,49907985,1.65718,2.188919,1258.855,18.00465569,0.360757015
14,Colombia,LCN,Latin America and Caribbean,LAC,Latin America and Caribbean (excluding high income),UMC,Upper middle income,IBD,IBRD,2020,66.37,5891.955,50629997,1.597174,1.831329,1351.406,15.20927631,0.300400498
14,Colombia,LCN,Latin America and Caribbean,LAC,Latin America and Caribbean (excluding high income),UMC,Upper middle income,IBD,IBRD,2021,65.02,6457.169,51188173,1.718125,1.482542,1596.078,19.59470105,0.38279743
15,Croatia,ECS,Europe and Central Asia,,,HIC,High income,IBD,IBRD,2000,65.23,8879.965,4468302,4.33601,-0.5550215,811.1736,3.936,0.880871526
15,Croatia,ECS,Europe and Central Asia,,,HIC,High income,IBD,IBRD,2001,65.43,9515.409,4299642,4.777188,-3.447914,836.429,4.043,0.940310844
15,Croatia,ECS,Europe and Central Asia,,,HIC,High income,IBD,IBRD,2002,65.47,10061.69,4302174,4.964002,0.371575,799.345,4.237,0.984850915
15,Croatia,ECS,Europe and Central Asia,,,HIC,High income,IBD,IBRD,2003,65.39,10618.94,4303399,5.285427,0.3420493,861.9802,4.694,1.090765695
15,Croatia,ECS,Europe and Central Asia,,,HIC,High income,IBD,IBRD,2004,65.95,11058.72,4304600,5.279492,0.3386524,955.4738,4.4131,1.025205594
15,Croatia,ECS,Europe and Central Asia,,,HIC,High income,IBD,IBRD,2005,65.86,11522.39,4310145,5.301075,0.4384978,1056.766,4.5586,1.057644232
15,Croatia,ECS,Europe and Central Asia,,,HIC,High income,IBD,IBRD,2006,66.28,12105.05,4311159,5.342948,0.3323739,1232.639,4.636,1.07534888
15,Croatia,ECS,Europe and Central Asia,,,HIC,High income,IBD,IBRD,2007,66.23,12719,4310217,5.685004,0.2860287,1445.058,4.742605106,1.100317016
15,Croatia,ECS,Europe and Central Asia,,,HIC,High income,IBD,IBRD,2008,66.35,12970.93,4309705,5.410927,0.2950334,1604.329,4.485105359,1.040698925
15,Croatia,ECS,Europe and Central Asia,,,HIC,High income,IBD,IBRD,2009,66.68,12099.8,4305181,5.033679,0.2009799,1632.949,4.373840671,1.01594815
15,Croatia,ECS,Europe and Central Asia,,,HIC,High income,IBD,IBRD,2010,66.96,11965.49,4295427,4.874649,0.0782445,1598.481,3.6984,0.861008696
15,Croatia,ECS,Europe and Central Asia,,,HIC,High income,IBD,IBRD,2011,67.25,11995.13,4280622,4.77788,-0.0429361,1612.713,3.5082,0.819553794
15,Croatia,ECS,Europe and Central Asia,,,HIC,High income,IBD,IBRD,2012,67.37,11780.53,4260368,4.409338,-0.1422388,1644.484,3.1522,0.739889136
15,Croatia,ECS,Europe and Central Asia,,,HIC,High income,IBD,IBRD,2013,67.74,11839.25,4233922,4.340916,-0.2629938,1420.102,3.0367,0.717230974
15,Croatia,ECS,Europe and Central Asia,,,HIC,High income,IBD,IBRD,2014,67.91,11863.86,4201598,4.206685,-0.3775963,1475.168,3.1881,0.75878273
15,Croatia,ECS,Europe and Central Asia,,,HIC,High income,IBD,IBRD,2015,67.61,12285.3,4151725,4.340846,-0.7801262,1553.31,3.31218,0.797784054
15,Croatia,ECS,Europe and Central Asia,,,HIC,High income,IBD,IBRD,2016,68.12,12849.35,4106867,4.44928,-0.6456845,1692.231,3.3245,0.809497848
15,Croatia,ECS,Europe and Central Asia,,,HIC,High income,IBD,IBRD,2017,68.03,13485.88,4041407,4.650707,-1.139783,1798.329,3.5595,0.880757617
15,Croatia,ECS,Europe and Central Asia,,,HIC,High income,IBD,IBRD,2018,68.19,14060.72,3988775,4.453598,-0.8179575,1943.085,3.4458,0.863874247
15,Croatia,ECS,Europe and Central Asia,,,HIC,High income,IBD,IBRD,2019,68.38,14641.23,3949390,4.548475,-0.47562,2174.231,3.3437,0.846637076
15,Croatia,ECS,Europe and Central Asia,,,HIC,High income,IBD,IBRD,2020,67.73,13544.97,3914206,4.406002,-0.3530338,2341.577,2.8625,0.731310514
15,Croatia,ECS,Europe and Central Asia,,,HIC,High income,IBD,IBRD,2021,66.8,15394.47,3878981,4.568236,-0.3408766,2867.461,3.0169,0.777755808
16,Czech Republic,ECS,Europe and Central Asia,,,HIC,High income,LNX,Not classified,2000,65.31,12543.94,10255063,12.90223,-0.4586622,923.6326,7.869329291,0.767360404
16,Czech Republic,ECS,Europe and Central Asia,,,HIC,High income,LNX,Not classified,2001,65.51,12958.47,10216605,12.94187,-0.5258602,1031.862,8.322905197,0.814644904
16,Czech Republic,ECS,Europe and Central Asia,,,HIC,High income,LNX,Not classified,2002,65.54,13179.99,10196916,12.49374,-0.2849817,1127.056,8.071767811,0.791589125
16,Czech Republic,ECS,Europe and Central Asia,,,HIC,High income,LNX,Not classified,2003,65.46,13618.93,10193998,12.81757,-0.1221541,1274.927,8.631512425,0.846724948
16,Czech Republic,ECS,Europe and Central Asia,,,HIC,High income,LNX,Not classified,2004,65.82,14259.63,10197101,12.89844,-0.063183,1329.602,9.510008816,0.93261887
16,Czech Republic,ECS,Europe and Central Asia,,,HIC,High income,LNX,Not classified,2005,65.97,15147.72,10211216,12.63729,0.0446235,1402.738,9.932000215,0.972655971
16,Czech Republic,ECS,Europe and Central Asia,,,HIC,High income,LNX,Not classified,2006,66.41,16107.3,10238905,12.77334,0.1770067,1476.812,9.800018594,0.957135416
16,Czech Republic,ECS,Europe and Central Asia,,,HIC,High income,LNX,Not classified,2007,66.6,16892.54,10298828,12.84901,0.4883015,1580.407,9.724,0.944185105
16,Czech Republic,ECS,Europe and Central Asia,,,HIC,High income,LNX,Not classified,2008,66.81,17190.65,10384603,12.1444,0.73545,1777.906,9.767,0.940527048
16,Czech Republic,ECS,Europe and Central Asia,,,HIC,High income,LNX,Not classified,2009,66.91,16272.81,10443936,11.4619,0.4743069,2015.822,9.423,0.90224605
16,Czech Republic,ECS,Europe and Central Asia,,,HIC,High income,LNX,Not classified,2010,67.11,16665.93,10474410,11.55092,0.1972091,2108.163,8.902,0.849880805
16,Czech Republic,ECS,Europe and Central Asia,,,HIC,High income,LNX,Not classified,2011,67.29,16926.29,10496088,11.25304,0.1111459,2186.789,9.017656506,0.859144522
16,Czech Republic,ECS,Europe and Central Asia,,,HIC,High income,LNX,Not classified,2012,67.44,16772.35,10510785,10.84821,0.1563173,2222.762,8.900831902,0.846828463
16,Czech Republic,ECS,Europe and Central Asia,,,HIC,High income,LNX,Not classified,2013,67.56,16759.78,10514272,10.41688,0.1601482,2309.539,8.478068634,0.806339101
16,Czech Republic,ECS,Europe and Central Asia,,,HIC,High income,LNX,Not classified,2014,67.98,17118.04,10525347,10.18805,0.233457,2471.632,8.975363499,0.852738014
16,Czech Republic,ECS,Europe and Central Asia,,,HIC,High income,LNX,Not classified,2015,67.88,17931.6,10546059,10.26779,0.3232374,2488.401,8.736783047,0.828440562
16,Czech Republic,ECS,Europe and Central Asia,,,HIC,High income,LNX,Not classified,2016,68.21,18359.1,10566332,10.39227,0.3185298,2671.879,8.188261917,0.774938921
16,Czech Republic,ECS,Europe and Central Asia,,,HIC,High income,LNX,Not classified,2017,68.22,19257.69,10594438,10.4182,0.4082654,2853.609,9.561324348,0.90248528
16,Czech Republic,ECS,Europe and Central Asia,,,HIC,High income,LNX,Not classified,2018,68.29,19736.63,10629928,10.28595,0.4931034,3075.206,9.624,0.905368315
16,Czech Republic,ECS,Europe and Central Asia,,,HIC,High income,LNX,Not classified,2019,68.49,20360.06,10671870,9.679953,0.5684577,3422.447,9.749,0.913523122
16,Czech Republic,ECS,Europe and Central Asia,,,HIC,High income,LNX,Not classified,2020,67.7,19233.15,10697858,8.823411,0.4324401,4023.556,8.498,0.794364629
16,Czech Republic,ECS,Europe and Central Asia,,,HIC,High income,LNX,Not classified,2021,66.66,20373.88,10505772,9.437489,-1.605498,4581.48,9.361,0.891033995
17,Denmark,ECS,Europe and Central Asia,,,HIC,High income,LNX,Not classified,2000,66.66,49266.99,5339616,9.954986,0.3506792,2327.041,10.343,1.937030678
17,Denmark,ECS,Europe and Central Asia,,,HIC,High income,LNX,Not classified,2001,66.78,49557.15,5358783,10.21766,0.4170636,2492.146,9.924,1.851913018
17,Denmark,ECS,Europe and Central Asia,,,HIC,High income,LNX,Not classified,2002,66.83,49624.6,5375931,10.09598,0.4368481,2670.243,9.583,1.782574962
17,Denmark,ECS,Europe and Central Asia,,,HIC,High income,LNX,Not classified,2003,67.11,49708.09,5390574,11.07565,0.4009641,2747.887,9.228,1.711877065
17,Denmark,ECS,Europe and Central Asia,,,HIC,High income,LNX,Not classified,2004,67.43,50956.3,5404523,10.01735,0.4994684,2970.798,9.058,1.676003599
17,Denmark,ECS,Europe and Central Asia,,,HIC,High income,LNX,Not classified,2005,67.8,52015.18,5419432,9.349725,0.6138415,3109.049,9.179723277,1.693853392
17,Denmark,ECS,Europe and Central Asia,,,HIC,High income,LNX,Not classified,2006,67.86,53823.16,5437272,10.78149,0.6100965,3429.282,9.271429461,1.705161975
17,Denmark,ECS,Europe and Central Asia,,,HIC,High income,LNX,Not classified,2007,67.94,54113.98,5461438,9.866193,0.6697121,3647.802,9.353607633,1.712663887
17,Denmark,ECS,Europe and Central Asia,,,HIC,High income,LNX,Not classified,2008,68.19,53572.54,5493621,9.216871,0.8121043,3938.908,9.221442853,1.678572813
17,Denmark,ECS,Europe and Central Asia,,,HIC,High income,LNX,Not classified,2009,68.39,50635.91,5523095,8.771007,0.7279907,4314.072,8.254627325,1.494565515
17,Denmark,ECS,Europe and Central Asia,,,HIC,High income,LNX,Not classified,2010,68.62,51209.45,5547683,8.752591,0.606766,4571.534,8.542626946,1.539854917
17,Denmark,ECS,Europe and Central Asia,,,HIC,High income,LNX,Not classified,2011,69.02,51667.53,5570572,7.806649,0.5982141,4629.337,8.151410047,1.463298571
17,Denmark,ECS,Europe and Central Asia,,,HIC,High income,LNX,Not classified,2012,69.26,51470.69,5591572,6.901834,0.5888079,4723.601,7.534033256,1.347390905
17,Denmark,ECS,Europe and Central Asia,,,HIC,High income,LNX,Not classified,2013,69.43,51970.39,5614932,7.184255,0.5888705,4837.09,7.342318048,1.30764149
17,Denmark,ECS,Europe and Central Asia,,,HIC,High income,LNX,Not classified,2014,69.69,52368.36,5643475,6.415249,0.6421394,4952.499,7.318647031,1.296833428
17,Denmark,ECS,Europe and Central Asia,,,HIC,High income,LNX,Not classified,2015,69.78,53094.01,5683483,5.995197,0.8390473,5094.613,7.443466527,1.309666366
17,Denmark,ECS,Europe and Central Asia,,,HIC,High income,LNX,Not classified,2016,69.87,54300.2,5728010,6.233648,0.9128531,5347.764,7.455921507,1.301660002
17,Denmark,ECS,Europe and Central Asia,,,HIC,High income,LNX,Not classified,2017,70.06,55601.02,5764980,5.823507,0.7744612,5605.823,7.410258148,1.285391822
17,Denmark,ECS,Europe and Central Asia,,,HIC,High income,LNX,Not classified,2018,69.97,56355.07,5793636,5.808856,0.6290886,5816.919,7.471723524,1.289643244
17,Denmark,ECS,Europe and Central Asia,,,HIC,High income,LNX,Not classified,2019,70.31,57114.62,5814422,5.19436,0.4945813,6180.273,7.507429711,1.291173862
17,Denmark,ECS,Europe and Central Asia,,,HIC,High income,LNX,Not classified,2020,70.24,55934.55,5831404,4.766725,0.4302016,6712.172,6.399571139,1.097432306
17,Denmark,ECS,Europe and Central Asia,,,HIC,High income,LNX,Not classified,2021,70.06,59803.92,5856733,5.019164,0.5740343,7531.55,6.461918389,1.103331565
18,Ecuador,LCN,Latin America and Caribbean,LAC,Latin America and Caribbean (excluding high income),UMC,Upper middle income,IBD,IBRD,2000,63.5,3953.399,12689206,1.737122,2.573885,194.2562,6.511,0.513113271
18,Ecuador,LCN,Latin America and Caribbean,LAC,Latin America and Caribbean (excluding high income),UMC,Upper middle income,IBD,IBRD,2001,63.88,4049,12910740,1.882859,2.55657,228.7717,6.771,0.524447088
18,Ecuador,LCN,Latin America and Caribbean,LAC,Latin America and Caribbean (excluding high income),UMC,Upper middle income,IBD,IBRD,2002,63.98,4174.898,13138472,1.849233,2.271821,283.2906,6.723,0.51170334
18,Ecuador,LCN,Latin America and Caribbean,LAC,Latin America and Caribbean (excluding high income),UMC,Upper middle income,IBD,IBRD,2003,64.58,4220.213,13372306,1.857331,2.087555,354.5889,6.879,0.514421372
18,Ecuador,LCN,Latin America and Caribbean,LAC,Latin America and Caribbean (excluding high income),UMC,Upper middle income,IBD,IBRD,2004,64.65,4430.237,13608701,1.927171,2.074746,396.1374,7.231409542,0.531381323
18,Ecuador,LCN,Latin America and Caribbean,LAC,Latin America and Caribbean (excluding high income),UMC,Upper middle income,IBD,IBRD,2005,64.49,4589.329,13846163,2.03933,2.049627,424.9168,7.876970764,0.568891957
18,Ecuador,LCN,Latin America and Caribbean,LAC,Latin America and Caribbean (excluding high income),UMC,Upper middle income,IBD,IBRD,2006,64.67,4706.98,14086131,2.146232,2.035355,458.2823,8.341572591,0.592183375
18,Ecuador,LCN,Latin America and Caribbean,LAC,Latin America and Caribbean (excluding high income),UMC,Upper middle income,IBD,IBRD,2007,64.94,4715.304,14328773,2.152285,2.025605,450.0163,8.480195129,0.591829819
18,Ecuador,LCN,Latin America and Caribbean,LAC,Latin America and Caribbean (excluding high income),UMC,Upper middle income,IBD,IBRD,2008,64.98,4939.902,14575202,2.186749,2.020304,482.6486,8.733508323,0.599203244
18,Ecuador,LCN,Latin America and Caribbean,LAC,Latin America and Caribbean (excluding high income),UMC,Upper middle income,IBD,IBRD,2009,65.37,4909.337,14825954,2.33877,2.018282,509.566,8.898310882,0.600184709
18,Ecuador,LCN,Latin America and Caribbean,LAC,Latin America and Caribbean (excluding high income),UMC,Upper middle income,IBD,IBRD,2010,65.54,5022.204,15076695,2.478932,1.988626,563.1156,10.27268235,0.681361688
18,Ecuador,LCN,Latin America and Caribbean,LAC,Latin America and Caribbean (excluding high income),UMC,Upper middle income,IBD,IBRD,2011,65.88,5359.457,15326227,2.462922,1.898029,645.2345,10.53578765,0.687435182
18,Ecuador,LCN,Latin America and Caribbean,LAC,Latin America and Caribbean (excluding high income),UMC,Upper middle income,IBD,IBRD,2012,66.07,5579.856,15572194,2.435289,1.809877,703.2927,10.91262166,0.700776118
18,Ecuador,LCN,Latin America and Caribbean,LAC,Latin America and Caribbean (excluding high income),UMC,Upper middle income,IBD,IBRD,2013,66.54,5893.322,15807128,2.552589,1.714674,762.6796,11.55905485,0.731255852
18,Ecuador,LCN,Latin America and Caribbean,LAC,Latin America and Caribbean (excluding high income),UMC,Upper middle income,IBD,IBRD,2014,66.92,6055.042,16035124,2.653088,1.64727,796.0847,12.1764314,0.759359978
18,Ecuador,LCN,Latin America and Caribbean,LAC,Latin America and Caribbean (excluding high income),UMC,Upper middle income,IBD,IBRD,2015,67.13,5976.16,16266225,2.598218,1.647254,838.3434,11.78523039,0.72452154
18,Ecuador,LCN,Latin America and Caribbean,LAC,Latin America and Caribbean (excluding high income),UMC,Upper middle income,IBD,IBRD,2016,67.16,5849.136,16505139,2.482372,1.672383,817.6135,11.05022944,0.669502356
18,Ecuador,LCN,Latin America and Caribbean,LAC,Latin America and Caribbean (excluding high income),UMC,Upper middle income,IBD,IBRD,2017,67.29,6104.272,16759519,2.372628,1.743293,877.0139,10.75939001,0.641986802
18,Ecuador,LCN,Latin America and Caribbean,LAC,Latin America and Caribbean (excluding high income),UMC,Upper middle income,IBD,IBRD,2018,67.41,6063.096,17049547,2.426557,1.952597,928.4782,11.66714583,0.68430826
18,Ecuador,LCN,Latin America and Caribbean,LAC,Latin America and Caribbean (excluding high income),UMC,Upper middle income,IBD,IBRD,2019,67.62,5971.389,17340021,2.354449,1.947562,922.8361,11.28437905,0.650770783
18,Ecuador,LCN,Latin America and Caribbean,LAC,Latin America and Caribbean (excluding high income),UMC,Upper middle income,IBD,IBRD,2020,63.52,5355.689,17546065,2.035357,1.462167,916.4363,9.088107043,0.517956992
18,Ecuador,LCN,Latin America and Caribbean,LAC,Latin America and Caribbean (excluding high income),UMC,Upper middle income,IBD,IBRD,2021,64.34,5836.167,17682454,2.255886,1.077751,984.0311,11.27656655,0.637726333
19,"Egypt, Arab Rep",MEA,Middle East and North Africa,MNA,Middle East and North Africa (excluding high income),LMC,Lower middle income,IBD,IBRD,2000,60.42,2458.608,73083284,1.750199,2.2708,282.1264,27.249,0.372848598
19,"Egypt, Arab Rep",MEA,Middle East and North Africa,MNA,Middle East and North Africa (excluding high income),LMC,Lower middle income,IBD,IBRD,2001,60.23,2492.034,74652029,1.891426,2.231231,320.7903,25.659,0.343714703
19,"Egypt, Arab Rep",MEA,Middle East and North Africa,MNA,Middle East and North Africa (excluding high income),LMC,Lower middle income,IBD,IBRD,2002,60.28,2498.481,76239137,1.901353,2.211033,333.3125,25.542,0.335024779
19,"Egypt, Arab Rep",MEA,Middle East and North Africa,MNA,Middle East and North Africa (excluding high income),LMC,Lower middle income,IBD,IBRD,2003,60.27,2524.805,77853548,1.899082,2.202651,325.6158,26.171,0.336156806
19,"Egypt, Arab Rep",MEA,Middle East and North Africa,MNA,Middle East and North Africa (excluding high income),LMC,Lower middle income,IBD,IBRD,2004,60.6,2574.423,79477443,2.018353,2.171459,316.9823,27.555,0.346702145
19,"Egypt, Arab Rep",MEA,Middle East and North Africa,MNA,Middle East and North Africa (excluding high income),LMC,Lower middle income,IBD,IBRD,2005,60.87,2635.703,81101004,2.199519,2.129176,339.1812,29.198,0.360020204
19,"Egypt, Arab Rep",MEA,Middle East and North Africa,MNA,Middle East and North Africa (excluding high income),LMC,Lower middle income,IBD,IBRD,2006,60.92,2761.624,82700403,2.283805,2.059767,360.3681,28.235,0.341413088
19,"Egypt, Arab Rep",MEA,Middle East and North Africa,MNA,Middle East and North Africa (excluding high income),LMC,Lower middle income,IBD,IBRD,2007,61.07,2902.066,84276225,2.396307,1.899138,357.0418,30.486,0.361739031
19,"Egypt, Arab Rep",MEA,Middle East and North Africa,MNA,Middle East and North Africa (excluding high income),LMC,Lower middle income,IBD,IBRD,2008,61.09,3052.213,85864789,2.352713,1.820967,384.5608,32.213,0.375159601
19,"Egypt, Arab Rep",MEA,Middle East and North Africa,MNA,Middle East and North Africa (excluding high income),LMC,Lower middle income,IBD,IBRD,2009,61.11,3135.097,87501636,2.403782,1.844228,389.7348,33.692,0.385044229
19,"Egypt, Arab Rep",MEA,Middle East and North Africa,MNA,Middle East and North Africa (excluding high income),LMC,Lower middle income,IBD,IBRD,2010,61.15,3233.845,89196072,2.373938,1.871471,385.8883,34.632,0.388268219
19,"Egypt, Arab Rep",MEA,Middle East and North Africa,MNA,Middle East and North Africa (excluding high income),LMC,Lower middle income,IBD,IBRD,2011,61.34,3222.376,91093059,2.407782,2.060284,411.7774,34.771,0.381708556
19,"Egypt, Arab Rep",MEA,Middle East and North Africa,MNA,Middle East and North Africa (excluding high income),LMC,Lower middle income,IBD,IBRD,2012,61.18,3220.992,93161001,2.500417,2.119097,484.7024,35.638,0.382542047
19,"Egypt, Arab Rep",MEA,Middle East and North Africa,MNA,Middle East and North Africa (excluding high income),LMC,Lower middle income,IBD,IBRD,2013,61.65,3216.378,95333553,2.399353,2.181778,511.6855,36.076,0.378418708
19,"Egypt, Arab Rep",MEA,Middle East and North Africa,MNA,Middle East and North Africa (excluding high income),LMC,Lower middle income,IBD,IBRD,2014,61.66,3235.662,97528654,2.389995,2.150465,507.6588,37.971,0.389331734
19,"Egypt, Arab Rep",MEA,Middle East and North Africa,MNA,Middle East and North Africa (excluding high income),LMC,Lower middle income,IBD,IBRD,2015,61.38,3306.982,99597342,2.403603,1.972793,570.2333,38.712,0.388685072
19,"Egypt, Arab Rep",MEA,Middle East and North Africa,MNA,Middle East and North Africa (excluding high income),LMC,Lower middle income,IBD,IBRD,2016,61.86,3381.222,101644589,2.460509,1.910731,557.8469,39.982,0.393350993
19,"Egypt, Arab Rep",MEA,Middle East and North Africa,MNA,Middle East and North Africa (excluding high income),LMC,Lower middle income,IBD,IBRD,2017,62.27,3452.91,103696057,2.527354,1.934973,577.052,37.92,0.365684107
19,"Egypt, Arab Rep",MEA,Middle East and North Africa,MNA,Middle East and North Africa (excluding high income),LMC,Lower middle income,IBD,IBRD,2018,62.35,3568.64,105682094,2.427799,1.894796,542.4581,33.684,0.318729491
19,"Egypt, Arab Rep",MEA,Middle East and North Africa,MNA,Middle East and North Africa (excluding high income),LMC,Lower middle income,IBD,IBRD,2019,62.52,3701.245,107553158,2.204156,1.81584,554.683,31.711,0.29484025
19,"Egypt, Arab Rep",MEA,Middle East and North Africa,MNA,Middle East and North Africa (excluding high income),LMC,Lower middle income,IBD,IBRD,2020,61.19,3770.869,109315124,2.069141,1.748914,517.0255,27.428,0.250907642
19,"Egypt, Arab Rep",MEA,Middle East and North Africa,MNA,Middle East and North Africa (excluding high income),LMC,Lower middle income,IBD,IBRD,2021,60.36,3837.32,110957008,2.25075,1.675287,610.0887,29.652,0.267238641
20,Estonia,ECS,Europe and Central Asia,,,HIC,High income,LNX,Not classified,2000,61.85,10006.77,1396985,12.43857,0.2318329,485.6877,1.114,0.797431612
20,Estonia,ECS,Europe and Central Asia,,,HIC,High income,LNX,Not classified,2001,61.77,10662.95,1388115,12.79375,-0.8187714,491.5986,1.287,0.927156612
20,Estonia,ECS,Europe and Central Asia,,,HIC,High income,LNX,Not classified,2002,62.06,11474.66,1379350,12.32378,-0.8155652,546.9086,1.444,1.046869902
20,Estonia,ECS,Europe and Central Asia,,,HIC,High income,LNX,Not classified,2003,62.67,12424.04,1370720,13.88358,-0.8115904,672.7037,1.354,0.987802031
20,Estonia,ECS,Europe and Central Asia,,,HIC,High income,LNX,Not classified,2004,62.99,13348.53,1362550,14.23977,-0.7820946,773.8113,1.376,1.009871197
20,Estonia,ECS,Europe and Central Asia,,,HIC,High income,LNX,Not classified,2005,63.51,14703.62,1354775,14.30319,-0.75679,878.2358,1.401,1.034120057
20,Estonia,ECS,Europe and Central Asia,,,HIC,High income,LNX,Not classified,2006,63.65,16234.51,1346810,13.89654,-0.7760881,959.4409,1.466,1.088498006
20,Estonia,ECS,Europe and Central Asia,,,HIC,High income,LNX,Not classified,2007,63.77,17543.46,1340680,16.60456,-0.6429675,1149.064,1.564,1.166572187
20,Estonia,ECS,Europe and Central Asia,,,HIC,High income,LNX,Not classified,2008,64.69,16689,1337090,15.0592,-0.4552415,1357.022,1.489852334,1.114249852
20,Estonia,ECS,Europe and Central Asia,,,HIC,High income,LNX,Not classified,2009,65.34,14274.85,1334515,12.59739,-0.3801886,1400.336,1.338177587,1.002744508
20,Estonia,ECS,Europe and Central Asia,,,HIC,High income,LNX,Not classified,2010,66.01,14657.94,1331475,16.19107,-0.4172587,1423.475,1.379433608,1.036019157
20,Estonia,ECS,Europe and Central Asia,,,HIC,High income,LNX,Not classified,2011,66.33,15820.92,1327439,16.32738,-0.4932428,1490.137,1.342281441,1.01118126
20,Estonia,ECS,Europe and Central Asia,,,HIC,High income,LNX,Not classified,2012,66.44,16460.68,1322696,15.51649,-0.3447546,1581.463,1.595117,1.20595889
20,Estonia,ECS,Europe and Central Asia,,,HIC,High income,LNX,Not classified,2013,66.95,16809.53,1317997,17.38577,-0.1383467,1722.098,1.57917,1.198159025
20,Estonia,ECS,Europe and Central Asia,,,HIC,High income,LNX,Not classified,2014,67,17413.69,1314545,16.67558,-0.0466781,1839.727,1.457893,1.109047617
20,Estonia,ECS,Europe and Central Asia,,,HIC,High income,LNX,Not classified,2015,67.42,17722.16,1315407,15.19758,0.2806315,1938.467,1.451026,1.103100409
20,Estonia,ECS,Europe and Central Asia,,,HIC,High income,LNX,Not classified,2016,67.46,18264.99,1315790,15.18464,0.2437166,2098.463,1.411349,1.072624811
20,Estonia,ECS,Europe and Central Asia,,,HIC,High income,LNX,Not classified,2017,67.87,19270.81,1317384,16.10973,0.3454667,2234.291,1.473982,1.118870428
20,Estonia,ECS,Europe and Central Asia,,,HIC,High income,LNX,Not classified,2018,67.97,19914.34,1321977,16.91315,0.5849635,2441.556,1.45216,1.098475995
20,Estonia,ECS,Europe and Central Asia,,,HIC,High income,LNX,Not classified,2019,68.37,20579.88,1326898,11.08435,0.6194411,2702.267,1.293365,0.974728276
20,Estonia,ECS,Europe and Central Asia,,,HIC,High income,LNX,Not classified,2020,68.07,19946.95,1329522,8.635284,0.4550682,3040.187,1.340544,1.008290198
20,Estonia,ECS,Europe and Central Asia,,,HIC,High income,LNX,Not classified,2021,66.74,21351.39,1330932,9.248782,0.3742384,3371.099,1.318038,0.990312052
21,Finland,ECS,Europe and Central Asia,,,HIC,High income,LNX,Not classified,2000,66.86,37872.6,5176209,11.11338,0.4964153,1899.958,10.538,2.03585288
21,Finland,ECS,Europe and Central Asia,,,HIC,High income,LNX,Not classified,2001,67.14,38784.13,5188008,12.25355,0.452528,2016.049,10.328,1.99074481
21,Finland,ECS,Europe and Central Asia,,,HIC,High income,LNX,Not classified,2002,67.2,39343.07,5200598,12.63732,0.406147,2181.933,10.6,2.038227142
21,Finland,ECS,Europe and Central Asia,,,HIC,High income,LNX,Not classified,2003,67.38,40038.98,5213014,14.21255,0.4019739,2306.277,10.922,2.095141122
21,Finland,ECS,Europe and Central Asia,,,HIC,High income,LNX,Not classified,2004,67.56,41521.96,5228172,13.47496,0.4523716,2514.672,10.154,1.942170227
21,Finland,ECS,Europe and Central Asia,,,HIC,High income,LNX,Not classified,2005,67.73,42529.35,5246096,11.10176,0.5027937,2656.446,10.54134605,2.009369644
21,Finland,ECS,Europe and Central Asia,,,HIC,High income,LNX,Not classified,2006,67.93,44069.39,5266268,13.26362,0.5428673,2854.295,10.20951885,1.938662987
21,Finland,ECS,Europe and Central Asia,,,HIC,High income,LNX,Not classified,2007,67.99,46213.69,5288720,12.86975,0.5830736,3059.397,10.3021169,1.947941449
21,Finland,ECS,Europe and Central Asia,,,HIC,High income,LNX,Not classified,2008,68.26,46359.88,5313399,11.25903,0.6229246,3344.24,9.93983393,1.870710995
21,Finland,ECS,Europe and Central Asia,,,HIC,High income,LNX,Not classified,2009,68.41,42412.51,5338871,10.69056,0.6342013,3478.633,9.362699046,1.753685198
21,Finland,ECS,Europe and Central Asia,,,HIC,High income,LNX,Not classified,2010,68.57,43556.54,5363352,12.27637,0.8653859,3560.796,9.719217734,1.812153619
21,Finland,ECS,Europe and Central Asia,,,HIC,High income,LNX,Not classified,2011,68.92,44391.45,5388272,10.80441,1.109675,3773.794,9.519823818,1.766767494
21,Finland,ECS,Europe and Central Asia,,,HIC,High income,LNX,Not classified,2012,69.06,43507.93,5413971,9.663905,1.100087,3918.011,9.130823818,1.686529872
21,Finland,ECS,Europe and Central Asia,,,HIC,High income,LNX,Not classified,2013,69.34,42883.64,5438972,9.804646,0.7949134,4068.486,9.448823818,1.737244431
21,Finland,ECS,Europe and Central Asia,,,HIC,High income,LNX,Not classified,2014,69.56,42502.49,5461512,9.051962,0.4722816,4084.226,8.90809266,1.631067122
21,Finland,ECS,Europe and Central Asia,,,HIC,High income,LNX,Not classified,2015,69.85,42560.34,5479531,8.389586,0.3880597,4098.866,8.960437811,1.635256341
21,Finland,ECS,Europe and Central Asia,,,HIC,High income,LNX,Not classified,2016,69.82,43529.68,5495303,8.880948,0.3460866,4213.808,9.434064024,1.716750473
21,Finland,ECS,Europe and Central Asia,,,HIC,High income,LNX,Not classified,2017,69.97,44862.22,5508214,8.364417,0.293288,4341.44,9.151618953,1.66144942
21,Finland,ECS,Europe and Central Asia,,,HIC,High income,LNX,Not classified,2018,70.04,45337.24,5515525,8.600233,0.199423,4484.349,9.079794002,1.646224793
21,Finland,ECS,Europe and Central Asia,,,HIC,High income,LNX,Not classified,2019,70.19,45898.57,5521606,7.99416,0.1851016,4821.267,9.004,1.630684985
21,Finland,ECS,Europe and Central Asia,,,HIC,High income,LNX,Not classified,2020,69.98,44690.98,5529543,7.1371,0.2267038,5169.583,8.082,1.461603608
21,Finland,ECS,Europe and Central Asia,,,HIC,High income,LNX,Not classified,2021,69.93,45818.08,5541017,7.117177,0.2996332,5683.238,7.559268,1.36423837
22,France,ECS,Europe and Central Asia,,,HIC,High income,LNX,Not classified,2000,67.98,33255.14,60918661,6.586015,1.025642,2516.148,94.93475692,1.558385483
22,France,ECS,Europe and Central Asia,,,HIC,High income,LNX,Not classified,2001,68.04,33640.67,61364377,6.605518,1.065841,2685.418,94.87177659,1.546039921
22,France,ECS,Europe and Central Asia,,,HIC,High income,LNX,Not classified,2002,68.14,33753.58,61812142,6.469774,1.058822,2876.46,92.45892245,1.495805184
22,France,ECS,Europe and Central Asia,,,HIC,High income,LNX,Not classified,2003,68.12,33840.62,62249855,6.503511,1.035025,2858.248,92.90145808,1.492396377
22,France,ECS,Europe and Central Asia,,,HIC,High income,LNX,Not classified,2004,68.75,34557.15,62707588,6.47318,1.05963,2973.443,93.79475362,1.495748068
22,France,ECS,Europe and Central Asia,,,HIC,High income,LNX,Not classified,2005,68.75,34946.04,63180854,6.460274,1.072638,3135.556,91.88843929,1.454371593
22,France,ECS,Europe and Central Asia,,,HIC,High income,LNX,Not classified,2006,69.12,35645.42,63622342,6.246641,1.016066,3392.947,91.72046833,1.441639296
22,France,ECS,Europe and Central Asia,,,HIC,High income,LNX,Not classified,2007,69.33,36322.17,64016890,6.096413,0.9330674,3541.164,89.45379403,1.397346763
22,France,ECS,Europe and Central Asia,,,HIC,High income,LNX,Not classified,2008,69.42,36257.37,64375116,5.949567,0.875728,3706.476,87.70009409,1.362329104
22,France,ECS,Europe and Central Asia,,,HIC,High income,LNX,Not classified,2009,69.55,35052.85,64706436,5.723942,0.8326142,3935.898,84.20283961,1.301305478
22,France,ECS,Europe and Central Asia,,,HIC,High income,LNX,Not classified,2010,69.7,35578.2,65026211,5.809347,0.8150488,4052.594,81.51148563,1.25351738
22,France,ECS,Europe and Central Asia,,,HIC,High income,LNX,Not classified,2011,69.97,36269.96,65340830,5.575593,0.804979,4211.189,80.23710013,1.227977975
22,France,ECS,Europe and Central Asia,,,HIC,High income,LNX,Not classified,2012,70,36161.29,65657659,5.576483,0.8087947,4281.726,77.32812155,1.177747162
22,France,ECS,Europe and Central Asia,,,HIC,High income,LNX,Not classified,2013,70.2,36256.09,65997932,5.469753,0.8422046,4531.453,76.24774431,1.155305053
22,France,ECS,Europe and Central Asia,,,HIC,High income,LNX,Not classified,2014,70.52,36444.39,66312067,4.947635,0.8016022,4636.941,73.68788324,1.111228869
22,France,ECS,Europe and Central Asia,,,HIC,High income,LNX,Not classified,2015,70.24,36702.43,66548272,5.00351,0.6837711,4679.518,74.670289,1.122047001
22,France,ECS,Europe and Central Asia,,,HIC,High income,LNX,Not classified,2016,70.41,36920.54,66724104,5.032181,0.5922472,4938.592,73.53468032,1.102070705
22,France,ECS,Europe and Central Asia,,,HIC,High income,LNX,Not classified,2017,70.51,37580.6,66918020,5.071067,0.6187528,5076.906,74.6409569,1.115408927
22,France,ECS,Europe and Central Asia,,,HIC,High income,LNX,Not classified,2018,70.61,38062.45,67158348,4.893363,0.6872128,5227.292,72.91985883,1.085789943
22,France,ECS,Europe and Central Asia,,,HIC,High income,LNX,Not classified,2019,70.72,38705.21,67382061,4.789885,0.661441,5705.142,72.21884281,1.071781447
22,France,ECS,Europe and Central Asia,,,HIC,High income,LNX,Not classified,2020,70.08,35709.2,67601110,4.250289,0.6535946,5997.352,60.18801405,0.890340618
22,France,ECS,Europe and Central Asia,,,HIC,High income,LNX,Not classified,2021,70.08,38030.86,67842811,4.708307,0.6860918,6628.059,64.7064804,0.953770627
23,Germany,ECS,Europe and Central Asia,,,HIC,High income,LNX,Not classified,2000,67.47,35087.09,82211508,10.60357,0.4119419,2691.472,129.5300176,1.575570389
23,Germany,ECS,Europe and Central Asia,,,HIC,High income,LNX,Not classified,2001,67.71,35601.36,82349925,10.75676,0.4413137,2818.279,131.2390174,1.593675008
23,Germany,ECS,Europe and Central Asia,,,HIC,High income,LNX,Not classified,2002,67.71,35460.41,82488495,10.5507,0.4391446,2973.189,126.8810481,1.538166602
23,Germany,ECS,Europe and Central Asia,,,HIC,High income,LNX,Not classified,2003,67.7,35252.97,82534176,10.64137,0.324325,3111.131,124.3400012,1.506527444
23,Germany,ECS,Europe and Central Asia,,,HIC,High income,LNX,Not classified,2004,68.1,35670.49,82516260,10.46733,0.2452116,3178.638,122.9147348,1.489581991
23,Germany,ECS,Europe and Central Asia,,,HIC,High income,LNX,Not classified,2005,68.23,36006.86,82469422,10.21105,0.2081153,3277.212,120.3922968,1.459841647
23,Germany,ECS,Europe and Central Asia,,,HIC,High income,LNX,Not classified,2006,68.51,37437.39,82376451,10.38957,0.1487715,3474.886,120.3169212,1.460574227
23,Germany,ECS,Europe and Central Asia,,,HIC,High income,LNX,Not classified,2007,68.63,38570.91,82266372,10.05262,0.1271677,3646.051,108.8475466,1.323111059
23,Germany,ECS,Europe and Central Asia,,,HIC,High income,LNX,Not classified,2008,68.7,38996.14,82110097,10.1127,0.0674525,3870.153,115.6287583,1.408216072
23,Germany,ECS,Europe and Central Asia,,,HIC,High income,LNX,Not classified,2009,68.77,36927.19,81902307,9.383779,0.0022473,4132.162,110.5634228,1.349942717
23,Germany,ECS,Europe and Central Asia,,,HIC,High income,LNX,Not classified,2010,68.9,38517.44,81776930,9.970763,0.1004819,4320.074,111.999,1.369567187
23,Germany,ECS,Europe and Central Asia,,,HIC,High income,LNX,Not classified,2011,69.1,40712.66,80274983,9.823082,-1.601972,4588.342,108.445,1.350919003
23,Germany,ECS,Europe and Central Asia,,,HIC,High income,LNX,Not classified,2012,69.2,40829.04,80425823,9.952833,0.2006875,4711.753,107.69,1.338997799
23,Germany,ECS,Europe and Central Asia,,,HIC,High income,LNX,Not classified,2013,68.98,40875.03,80645605,10.1466,0.2858573,4956.394,110.008,1.364091695
23,Germany,ECS,Europe and Central Asia,,,HIC,High income,LNX,Not classified,2014,69.3,41588.08,80982500,9.622117,0.4298336,5197.239,106.906,1.32011237
23,Germany,ECS,Europe and Central Asia,,,HIC,High income,LNX,Not classified,2015,69.06,41911.01,81686611,9.614638,0.8786569,5359.757,106.687,1.306052469
23,Germany,ECS,Europe and Central Asia,,,HIC,High income,LNX,Not classified,2016,69.23,42528.06,82348669,9.589879,0.8383011,5697.968,108.9457823,1.322981702
23,Germany,ECS,Europe and Central Asia,,,HIC,High income,LNX,Not classified,2017,69.29,43520.19,82657002,9.375469,0.4216254,6020.479,110.9552852,1.342357968
23,Germany,ECS,Europe and Central Asia,,,HIC,High income,LNX,Not classified,2018,69.21,43874.01,82905782,9.012815,0.3665152,6341.375,105.3969467,1.27128584
23,Germany,ECS,Europe and Central Asia,,,HIC,High income,LNX,Not classified,2019,69.44,44207.63,83092962,8.388298,0.3082669,6830.812,106.3775246,1.280223042
23,Germany,ECS,Europe and Central Asia,,,HIC,High income,LNX,Not classified,2020,69.24,42362.65,83160871,7.726614,0.1811575,7347.782,96.16336091,1.15635346
23,Germany,ECS,Europe and Central Asia,,,HIC,High income,LNX,Not classified,2021,68.93,43898.77,83196078,8.147065,0.1597498,7995.22,94.99717999,1.141846855
24,Greece,ECS,Europe and Central Asia,,,HIC,High income,LNX,Not classified,2000,67.74,18002.91,10805808,8.889164,0.5728205,1417.761,19.91399927,1.842897752
24,Greece,ECS,Europe and Central Asia,,,HIC,High income,LNX,Not classified,2001,68.02,18742.42,10862132,9.032242,0.7904357,1678.37,20.20700049,1.860316233
24,Greece,ECS,Europe and Central Asia,,,HIC,High income,LNX,Not classified,2002,68.12,19548.37,10902022,8.995928,0.9000266,1864.498,20.32499927,1.86433299
24,Greece,ECS,Europe and Central Asia,,,HIC,High income,LNX,Not classified,2003,68.19,20632.26,10928070,9.318361,0.7638515,2021.449,21.30100073,1.949200612
24,Greece,ECS,Europe and Central Asia,,,HIC,High income,LNX,Not classified,2004,68.23,21688.11,10955141,9.271985,0.7671683,2063.586,20.91800049,1.909423209
24,Greece,ECS,Europe and Central Asia,,,HIC,High income,LNX,Not classified,2005,68.36,21880.53,10987314,9.431277,0.8035967,2194.105,21.022,1.913297463
24,Greece,ECS,Europe and Central Asia,,,HIC,High income,LNX,Not classified,2006,68.63,23220.53,11020362,9.28993,0.8027447,2361.119,21.99599976,1.995941672
24,Greece,ECS,Europe and Central Asia,,,HIC,High income,LNX,Not classified,2007,68.44,23973.69,11048473,9.593923,0.7506734,2465.681,22.33399951,2.021455771
24,Greece,ECS,Europe and Central Asia,,,HIC,High income,LNX,Not classified,2008,68.82,23923.88,11077841,9.192261,0.7549598,2728.052,21.32999976,1.925465418
24,Greece,ECS,Europe and Central Asia,,,HIC,High income,LNX,Not classified,2009,68.9,22878.13,11107017,8.662461,0.7435523,2858.924,19.97499927,1.798412595
24,Greece,ECS,Europe and Central Asia,,,HIC,High income,LNX,Not classified,2010,69.08,21547.72,11121341,8.010896,0.6018646,2678.748,18.15600122,1.632537049
24,Greece,ECS,Europe and Central Asia,,,HIC,High income,LNX,Not classified,2011,69.21,19448.26,11104899,7.75655,0.3189015,2356.136,17.25700098,1.553998913
24,Greece,ECS,Europe and Central Asia,,,HIC,High income,LNX,Not classified,2012,69.2,17924.66,11045011,7.38308,-0.0786748,2214.806,15.08899976,1.366137142
24,Greece,ECS,Europe and Central Asia,,,HIC,High income,LNX,Not classified,2013,69.67,17644.88,10965211,6.736387,-0.2703325,2185.091,14.00600049,1.277312446
24,Greece,ECS,Europe and Central Asia,,,HIC,High income,LNX,Not classified,2014,69.78,17903.53,10892413,6.518684,-0.2185326,2094.479,13.878,1.274097851
24,Greece,ECS,Europe and Central Asia,,,HIC,High income,LNX,Not classified,2015,69.5,17980.73,10820883,6.417923,-0.2171285,2192.191,14.436,1.334087061
24,Greece,ECS,Europe and Central Asia,,,HIC,High income,LNX,Not classified,2016,69.7,18049.93,10775971,6.324813,0.0200566,2322.726,14.43800024,1.339832879
24,Greece,ECS,Europe and Central Asia,,,HIC,High income,LNX,Not classified,2017,69.7,18352.09,10754679,6.35806,0.2312122,2324.13,14.78055819,1.374337457
24,Greece,ECS,Europe and Central Asia,,,HIC,High income,LNX,Not classified,2018,69.93,18769.04,10732882,6.203581,0.220497,2403.162,14.564388,1.35698762
24,Greece,ECS,Europe and Central Asia,,,HIC,High income,LNX,Not classified,2019,69.82,19216.68,10721582,5.747202,0.3112108,2590.847,15.00801,1.399794359
24,Greece,ECS,Europe and Central Asia,,,HIC,High income,LNX,Not classified,2020,69.47,17486.95,10698599,4.895305,0.196455,2765.263,12.13317,1.134089613
24,Greece,ECS,Europe and Central Asia,,,HIC,High income,LNX,Not classified,2021,68.55,19232.97,10569207,5.127954,-0.8124242,3001.573,12.863551,1.217078159
25,Hungary,ECS,Europe and Central Asia,,,HIC,High income,LNX,Not classified,2000,62.22,8967.696,10210971,5.824882,-0.4562402,802.6766,6.855001345,0.671336873
25,Hungary,ECS,Europe and Central Asia,,,HIC,High income,LNX,Not classified,2001,63.02,9354.48,10187576,5.987843,-0.0823848,900.734,6.597999956,0.647651606
25,Hungary,ECS,Europe and Central Asia,,,HIC,High income,LNX,Not classified,2002,63.13,9825.943,10158608,5.903703,0.3487829,1032.775,6.122999596,0.602740021
25,Hungary,ECS,Europe and Central Asia,,,HIC,High income,LNX,Not classified,2003,63.16,10255.61,10129552,6.186986,0.3385113,1255.447,5.970999397,0.589463324
25,Hungary,ECS,Europe and Central Asia,,,HIC,High income,LNX,Not classified,2004,63.5,10792.74,10107146,6.016397,0.3981216,1260.985,6.364001431,0.629653656
25,Hungary,ECS,Europe and Central Asia,,,HIC,High income,LNX,Not classified,2005,63.54,11278.62,10087065,6.067642,0.5103315,1364.599,7.278000171,0.72151812
25,Hungary,ECS,Europe and Central Asia,,,HIC,High income,LNX,Not classified,2006,63.96,11741.95,10071370,6.023709,0.6397211,1429.151,7.57999988,0.752628479
25,Hungary,ECS,Europe and Central Asia,,,HIC,High income,LNX,Not classified,2007,64.06,11792.77,10055780,5.880479,0.6283095,1374.434,7.537000252,0.749519207
25,Hungary,ECS,Europe and Central Asia,,,HIC,High income,LNX,Not classified,2008,64.5,11932.04,10038188,5.760512,0.5961656,1467.767,7.132999701,0.710586383
25,Hungary,ECS,Europe and Central Asia,,,HIC,High income,LNX,Not classified,2009,64.7,11162.06,10022650,5.157239,0.603141,1495.35,6.922000345,0.690635745
25,Hungary,ECS,Europe and Central Asia,,,HIC,High income,LNX,Not classified,2010,65,11307.72,10000023,5.233488,0.4306095,1616.927,6.490999371,0.649098444
25,Hungary,ECS,Europe and Central Asia,,,HIC,High income,LNX,Not classified,2011,65.28,11551.5,9971727,5.157321,0.3631994,1720.489,6.328999557,0.634694427
25,Hungary,ECS,Europe and Central Asia,,,HIC,High income,LNX,Not classified,2012,65.48,11466.14,9920362,4.802617,-0.056116,1722.258,5.927999466,0.597558785
25,Hungary,ECS,Europe and Central Asia,,,HIC,High income,LNX,Not classified,2013,65.88,11705.01,9893082,4.527204,0.1185297,1773.086,5.777000885,0.583943496
25,Hungary,ECS,Europe and Central Asia,,,HIC,High income,LNX,Not classified,2014,66.04,12233.3,9866468,4.542892,0.1215357,1808.397,6.445000534,0.653222666
25,Hungary,ECS,Europe and Central Asia,,,HIC,High income,LNX,Not classified,2015,65.92,12717.04,9843028,4.829307,0.1501414,1834.462,6.900000671,0.701003865
25,Hungary,ECS,Europe and Central Asia,,,HIC,High income,LNX,Not classified,2016,66.32,13035.35,9814023,4.918106,0.0998444,1949.249,6.873999374,0.700426255
25,Hungary,ECS,Europe and Central Asia,,,HIC,High income,LNX,Not classified,2017,66.23,13628.4,9787966,5.227123,0.1331771,1987.235,7.445999337,0.760729996
25,Hungary,ECS,Europe and Central Asia,,,HIC,High income,LNX,Not classified,2018,66.4,14377.42,9775564,5.207659,0.2790859,2098.961,7.988998919,0.817241739
25,Hungary,ECS,Europe and Central Asia,,,HIC,High income,LNX,Not classified,2019,66.59,15083.6,9771141,5.196476,0.364541,2207.807,8.08,0.826924921
25,Hungary,ECS,Europe and Central Asia,,,HIC,High income,LNX,Not classified,2020,66.1,14437.81,9750149,5.025944,0.2000159,2546.776,7.365,0.755373072
25,Hungary,ECS,Europe and Central Asia,,,HIC,High income,LNX,Not classified,2021,64.84,15521.38,9709891,5.175496,0.0065434,2847.059,7.994,0.823284216
26,Iceland,ECS,Europe and Central Asia,,,HIC,High income,LNX,Not classified,2000,69.14,42174.66,281205,10.14954,1.514279,2649.744,0.796,2.83067513
26,Iceland,ECS,Europe and Central Asia,,,HIC,High income,LNX,Not classified,2001,69.37,43288.08,284968,10.38362,1.471213,2789.998,0.748,2.624856124
26,Iceland,ECS,Europe and Central Asia,,,HIC,High income,LNX,Not classified,2002,69.61,43143.46,287523,10.88678,1.032998,3065.419,0.778,2.705870487
26,Iceland,ECS,Europe and Central Asia,,,HIC,High income,LNX,Not classified,2003,69.82,43763.78,289521,10.71183,0.8294305,3180.661,0.78535343,2.712595737
26,Iceland,ECS,Europe and Central Asia,,,HIC,High income,LNX,Not classified,2004,69.97,46766.02,292074,10.8767,1.01256,3321.492,0.821418968,2.812365934
26,Iceland,ECS,Europe and Central Asia,,,HIC,High income,LNX,Not classified,2005,70.08,48850.77,296734,10.54278,1.714902,3338.116,0.838759545,2.826637814
26,Iceland,ECS,Europe and Central Asia,,,HIC,High income,LNX,Not classified,2006,70.2,50731.69,303782,10.67443,2.47852,3396.144,0.852678548,2.806876469
26,Iceland,ECS,Europe and Central Asia,,,HIC,High income,LNX,Not classified,2007,70.29,53646.37,311566,11.15687,2.658,3463.53,0.853194455,2.738406806
26,Iceland,ECS,Europe and Central Asia,,,HIC,High income,LNX,Not classified,2008,70.41,53821.47,317414,11.91094,1.98483,3647.392,0.789788558,2.488196986
26,Iceland,ECS,Europe and Central Asia,,,HIC,High income,LNX,Not classified,2009,70.57,49527.4,318499,12.01982,0.4654372,3672.25,0.73165775,2.2972058
26,Iceland,ECS,Europe and Central Asia,,,HIC,High income,LNX,Not classified,2010,70.71,48193.7,318041,11.75069,-0.0765825,3324.105,0.700559386,2.202732937
26,Iceland,ECS,Europe and Central Asia,,,HIC,High income,LNX,Not classified,2011,70.85,48933.55,319014,11.29919,0.3193776,3378.031,0.690875468,2.165658774
26,Iceland,ECS,Europe and Central Asia,,,HIC,High income,LNX,Not classified,2012,70.96,49191.57,320716,11.368,0.5458087,3456.007,0.683631693,2.131579632
26,Iceland,ECS,Europe and Central Asia,,,HIC,High income,LNX,Not classified,2013,71.05,50946.82,323764,11.46329,0.9812125,3651.997,0.716423606,2.212795758
26,Iceland,ECS,Europe and Central Asia,,,HIC,High income,LNX,Not classified,2014,71.08,51233.24,327386,10.58261,1.148908,3811.878,0.755470992,2.307584907
26,Iceland,ECS,Europe and Central Asia,,,HIC,High income,LNX,Not classified,2015,71.12,52951.68,330815,10.9726,1.077161,3998.997,0.816904359,2.46936916
26,Iceland,ECS,Europe and Central Asia,,,HIC,High income,LNX,Not classified,2016,71.16,55513.64,335439,9.478922,1.425397,4359.946,0.897636426,2.676004954
26,Iceland,ECS,Europe and Central Asia,,,HIC,High income,LNX,Not classified,2017,71.25,56501.46,343400,9.699184,2.385884,4629.746,1.00251854,2.91939004
26,Iceland,ECS,Europe and Central Asia,,,HIC,High income,LNX,Not classified,2018,71.33,57697.8,352721,9.395245,2.720894,4824.628,1.089006929,3.087445684
26,Iceland,ECS,Europe and Central Asia,,,HIC,High income,LNX,Not classified,2019,71.39,57493.42,360563,8.804841,2.243619,5227.255,0.918886403,2.548476695
26,Iceland,ECS,Europe and Central Asia,,,HIC,High income,LNX,Not classified,2020,71.36,52641.72,366463,8.2655,1.668886,5381.659,0.606785903,1.65579036
26,Iceland,ECS,Europe and Central Asia,,,HIC,High income,LNX,Not classified,2021,71.37,54506.73,372520,8.662086,1.688364,6015.168,0.684915243,1.838599922
27,India,SAS,South Asia,SAS,South Asia (excluding high income),LMC,Lower middle income,IBD,IBRD,2000,54.13,756.7041,1057922733,0.9411392,2.65589,85.83364,106.3632059,0.100539673
27,India,SAS,South Asia,SAS,South Asia (excluding high income),LMC,Lower middle income,IBD,IBRD,2001,54.52,778.5074,1077898575,0.9386827,2.773736,95.39523,106.9187058,0.099191805
27,India,SAS,South Asia,SAS,South Asia (excluding high income),LMC,Lower middle income,IBD,IBRD,2002,54.96,793.6159,1097600380,0.9565231,2.972234,98.23829,110.7963,0.100944116
27,India,SAS,South Asia,SAS,South Asia (excluding high income),LMC,Lower middle income,IBD,IBRD,2003,55.34,841.2789,1116803006,0.9686446,2.888999,100.391,112.9254,0.101114878
27,India,SAS,South Asia,SAS,South Asia (excluding high income),LMC,Lower middle income,IBD,IBRD,2004,55.74,892.5966,1135991513,1.027135,2.855388,107.9802,119.4651,0.105163726
27,India,SAS,South Asia,SAS,South Asia (excluding high income),LMC,Lower middle income,IBD,IBRD,2005,56.14,947.7325,1154676322,1.053571,2.773544,113.2033,121.8251,0.105505844
27,India,SAS,South Asia,SAS,South Asia (excluding high income),LMC,Lower middle income,IBD,IBRD,2006,56.46,1008.233,1172878890,1.107015,2.700114,118.1537,128.9365664,0.109931697
27,India,SAS,South Asia,SAS,South Asia (excluding high income),LMC,Lower middle income,IBD,IBRD,2007,56.7,1069.247,1190676021,1.187447,2.639253,125.6045,137.8918384,0.115809705
27,India,SAS,South Asia,SAS,South Asia (excluding high income),LMC,Lower middle income,IBD,IBRD,2008,57.02,1086.506,1207930964,1.244782,2.569253,130.353,144.6337602,0.119736777
27,India,SAS,South Asia,SAS,South Asia (excluding high income),LMC,Lower middle income,IBD,IBRD,2009,57.53,1155.102,1225524753,1.340703,2.567131,137.8316,152.4237804,0.124374298
27,India,SAS,South Asia,SAS,South Asia (excluding high income),LMC,Lower middle income,IBD,IBRD,2010,57.91,1235.159,1243481564,1.402267,2.569754,140.3183,155.2343817,0.124838507
27,India,SAS,South Asia,SAS,South Asia (excluding high income),LMC,Lower middle income,IBD,IBRD,2011,58.23,1281.611,1261224954,1.467091,2.529272,144.6149,162.6288335,0.128945144
27,India,SAS,South Asia,SAS,South Asia (excluding high income),LMC,Lower middle income,IBD,IBRD,2012,58.57,1333.096,1278674502,1.581923,2.512202,160.2129,173.2219728,0.135469951
27,India,SAS,South Asia,SAS,South Asia (excluding high income),LMC,Lower middle income,IBD,IBRD,2013,58.85,1399.454,1295829511,1.607627,2.49242,187.4249,174.9280164,0.13499308
27,India,SAS,South Asia,SAS,South Asia (excluding high income),LMC,Lower middle income,IBD,IBRD,2014,59.21,1484.316,1312277191,1.709121,2.444773,187.0364,180.4778978,0.137530317
27,India,SAS,South Asia,SAS,South Asia (excluding high income),LMC,Lower middle income,IBD,IBRD,2015,59.59,1583.998,1328024498,1.701875,2.399113,193.8533,195.3951521,0.14713219
27,India,SAS,South Asia,SAS,South Asia (excluding high income),LMC,Lower middle income,IBD,IBRD,2016,59.95,1694.465,1343944296,1.713882,2.419681,201.6884,215.6154059,0.160434779
27,India,SAS,South Asia,SAS,South Asia (excluding high income),LMC,Lower middle income,IBD,IBRD,2017,60.24,1788.698,1359657400,1.789997,2.414247,178.728,222.0095583,0.163283455
27,India,SAS,South Asia,SAS,South Asia (excluding high income),LMC,Lower middle income,IBD,IBRD,2018,60.54,1883.358,1374659064,1.871824,2.368941,187.6248,230.3305538,0.167554676
27,India,SAS,South Asia,SAS,South Asia (excluding high income),LMC,Lower middle income,IBD,IBRD,2019,60.88,1936.031,1389030312,1.830079,2.330505,202.8231,237.9218063,0.171286259
27,India,SAS,South Asia,SAS,South Asia (excluding high income),LMC,Lower middle income,IBD,IBRD,2020,60.36,1806.501,1402617695,1.6533,2.281852,217.0853,215.5381335,0.153668483
27,India,SAS,South Asia,SAS,South Asia (excluding high income),LMC,Lower middle income,IBD,IBRD,2021,58.15,1965.309,1414203896,1.802062,2.150901,246.7566,218.2877005,0.154353768
28,Indonesia,EAS,East Asia and Pacific,EAP,East Asia and Pacific (excluding high income),UMC,Upper middle income,IBD,IBRD,2000,59.43,1828.103,216077790,1.384188,4.355565,93.48157,52.82378536,0.24446652
28,Indonesia,EAS,East Asia and Pacific,EAP,East Asia and Pacific (excluding high income),UMC,Upper middle income,IBD,IBRD,2001,59.66,1868.592,219097902,1.458635,3.230378,111.7055,54.62673989,0.24932571
28,Indonesia,EAS,East Asia and Pacific,EAP,East Asia and Pacific (excluding high income),UMC,Upper middle income,IBD,IBRD,2002,59.88,1926.374,222088495,1.463222,3.173938,109.343,54.87731209,0.2470966
28,Indonesia,EAS,East Asia and Pacific,EAP,East Asia and Pacific (excluding high income),UMC,Upper middle income,IBD,IBRD,2003,60.09,1991.918,225048008,1.571392,3.116286,130.8806,56.37943332,0.250521806
28,Indonesia,EAS,East Asia and Pacific,EAP,East Asia and Pacific (excluding high income),UMC,Upper middle income,IBD,IBRD,2004,58.77,2065.706,227926649,1.580179,3.043026,131.4162,59.58157523,0.261406797
28,Indonesia,EAS,East Asia and Pacific,EAP,East Asia and Pacific (excluding high income),UMC,Upper middle income,IBD,IBRD,2005,60.47,2155.448,230871650,1.570602,3.024966,168.9011,59.45345292,0.257517339
28,Indonesia,EAS,East Asia and Pacific,EAP,East Asia and Pacific (excluding high income),UMC,Upper middle income,IBD,IBRD,2006,60.63,2244.08,233951652,1.638945,3.043036,187.5419,57.24411658,0.244683532
28,Indonesia,EAS,East Asia and Pacific,EAP,East Asia and Pacific (excluding high income),UMC,Upper middle income,IBD,IBRD,2007,60.86,2355.153,237062337,1.695257,3.01174,217.9165,60.37212428,0.254667718
28,Indonesia,EAS,East Asia and Pacific,EAP,East Asia and Pacific (excluding high income),UMC,Upper middle income,IBD,IBRD,2008,61.05,2464.602,240157903,1.654231,2.966315,211.0142,61.54390109,0.256264317
28,Indonesia,EAS,East Asia and Pacific,EAP,East Asia and Pacific (excluding high income),UMC,Upper middle income,IBD,IBRD,2009,61.23,2546.22,243220028,1.691367,2.906519,221.3153,61.77216154,0.253976459
28,Indonesia,EAS,East Asia and Pacific,EAP,East Asia and Pacific (excluding high income),UMC,Upper middle income,IBD,IBRD,2010,61.43,2670.813,246305322,1.801445,2.835567,233.1015,65.33583079,0.265263577
28,Indonesia,EAS,East Asia and Pacific,EAP,East Asia and Pacific (excluding high income),UMC,Upper middle income,IBD,IBRD,2011,61.69,2799.625,249470032,2.004121,2.631812,267.1647,70.03694634,0.280742924
28,Indonesia,EAS,East Asia and Pacific,EAP,East Asia and Pacific (excluding high income),UMC,Upper middle income,IBD,IBRD,2012,61.92,2930.519,252698525,1.995547,2.622843,278.3318,73.69818951,0.291644716
28,Indonesia,EAS,East Asia and Pacific,EAP,East Asia and Pacific (excluding high income),UMC,Upper middle income,IBD,IBRD,2013,62.14,3055.242,255852467,1.856458,2.555895,284.3012,70.89749207,0.277103023
28,Indonesia,EAS,East Asia and Pacific,EAP,East Asia and Pacific (excluding high income),UMC,Upper middle income,IBD,IBRD,2014,62.36,3170.721,258877399,1.951328,2.475695,300.267,70.65706933,0.272936415
28,Indonesia,EAS,East Asia and Pacific,EAP,East Asia and Pacific (excluding high income),UMC,Upper middle income,IBD,IBRD,2015,62.57,3288.223,261799249,1.957253,2.402231,295.7476,67.34615296,0.257243492
28,Indonesia,EAS,East Asia and Pacific,EAP,East Asia and Pacific (excluding high income),UMC,Upper middle income,IBD,IBRD,2016,62.77,3416.81,264627418,1.916191,2.3345,313.4077,64.77825119,0.244790399
28,Indonesia,EAS,East Asia and Pacific,EAP,East Asia and Pacific (excluding high income),UMC,Upper middle income,IBD,IBRD,2017,62.95,3553.52,267346658,2.00383,2.255686,314.3873,69.52795396,0.260066666
28,Indonesia,EAS,East Asia and Pacific,EAP,East Asia and Pacific (excluding high income),UMC,Upper middle income,IBD,IBRD,2018,63.1,3701.322,269951846,2.213271,2.180843,331.1106,71.71170843,0.265646298
28,Indonesia,EAS,East Asia and Pacific,EAP,East Asia and Pacific (excluding high income),UMC,Upper middle income,IBD,IBRD,2019,63.29,3850.903,272489381,2.338844,2.121496,352.0231,69.81288746,0.256204066
28,Indonesia,EAS,East Asia and Pacific,EAP,East Asia and Pacific (excluding high income),UMC,Upper middle income,IBD,IBRD,2020,61.94,3739.449,274814866,2.162414,2.014732,411.5026,61.49901673,0.223783442
28,Indonesia,EAS,East Asia and Pacific,EAP,East Asia and Pacific (excluding high income),UMC,Upper middle income,IBD,IBRD,2021,60.67,3850.689,276758053,2.237794,1.8439,479.763,63.9733599,0.231152659
29,"Iran, Islamic Rep",MEA,Middle East and North Africa,MNA,Middle East and North Africa (excluding high income),UMC,Upper middle income,IBD,IBRD,2000,63.23,3885.302,66418659,5.328763,2.613143,481.7964,64.62444187,0.972986249
29,"Iran, Islamic Rep",MEA,Middle East and North Africa,MNA,Middle East and North Africa (excluding high income),UMC,Upper middle income,IBD,IBRD,2001,63.45,3917.299,67452005,5.458014,2.655639,538.5513,66.60312239,0.987415013
29,"Iran, Islamic Rep",MEA,Middle East and North Africa,MNA,Middle East and North Africa (excluding high income),UMC,Upper middle income,IBD,IBRD,2002,63.64,4198.954,68011317,5.650743,1.916205,536.2935,67.06066704,0.98602218
29,"Iran, Islamic Rep",MEA,Middle East and North Africa,MNA,Middle East and North Africa (excluding high income),UMC,Upper middle income,IBD,IBRD,2003,63.09,4511.431,68769340,5.897756,2.177984,633.0485,67.26209426,0.978082591
29,"Iran, Islamic Rep",MEA,Middle East and North Africa,MNA,Middle East and North Africa (excluding high income),UMC,Upper middle income,IBD,IBRD,2004,64.05,4607.452,70256316,6.191091,3.187027,662.9606,70.52310828,1.003797413
29,"Iran, Islamic Rep",MEA,Middle East and North Africa,MNA,Middle East and North Africa (excluding high income),UMC,Upper middle income,IBD,IBRD,2005,64.29,4650.358,71828455,6.529185,3.238151,719.4567,75.63846584,1.053043196
29,"Iran, Islamic Rep",MEA,Middle East and North Africa,MNA,Middle East and North Africa (excluding high income),UMC,Upper middle income,IBD,IBRD,2006,64.52,4778.793,73392747,6.894974,3.157417,749.0248,82.48200434,1.123844081
29,"Iran, Islamic Rep",MEA,Middle East and North Africa,MNA,Middle East and North Africa (excluding high income),UMC,Upper middle income,IBD,IBRD,2007,64.77,5084.718,74602648,7.218349,2.546818,783.0417,83.23886888,1.115762927
29,"Iran, Islamic Rep",MEA,Middle East and North Africa,MNA,Middle East and North Africa (excluding high income),UMC,Upper middle income,IBD,IBRD,2008,65.02,5035.94,75514204,7.349226,2.073347,825.6475,85.65805336,1.134330349
29,"Iran, Islamic Rep",MEA,Middle East and North Africa,MNA,Middle East and North Africa (excluding high income),UMC,Upper middle income,IBD,IBRD,2009,65.24,5023.893,76457825,7.494652,2.083416,1019.298,83.33958765,1.090007303
29,"Iran, Islamic Rep",MEA,Middle East and North Africa,MNA,Middle East and North Africa (excluding high income),UMC,Upper middle income,IBD,IBRD,2010,65.48,5249.062,77420842,7.447085,2.077719,1109.102,78.17025758,1.009679765
29,"Iran, Islamic Rep",MEA,Middle East and North Africa,MNA,Middle East and North Africa (excluding high income),UMC,Upper middle income,IBD,IBRD,2011,65.72,5321.759,78383598,7.473236,2.045315,1127.32,78.66279869,1.003561979
29,"Iran, Islamic Rep",MEA,Middle East and North Africa,MNA,Middle East and North Africa (excluding high income),UMC,Upper middle income,IBD,IBRD,2012,65.89,5058.646,79370580,7.462899,2.02778,999.4861,80.76660818,1.017588736
29,"Iran, Islamic Rep",MEA,Middle East and North Africa,MNA,Middle East and North Africa (excluding high income),UMC,Upper middle income,IBD,IBRD,2013,65.98,4916.973,80414686,7.616629,2.056647,862.7044,87.20716244,1.084468109
29,"Iran, Islamic Rep",MEA,Middle East and North Africa,MNA,Middle East and North Africa (excluding high income),UMC,Upper middle income,IBD,IBRD,2014,66.08,5093.203,81502045,7.808146,2.080428,978.7833,80.39341446,0.986397513
29,"Iran, Islamic Rep",MEA,Middle East and North Africa,MNA,Middle East and North Africa (excluding high income),UMC,Upper middle income,IBD,IBRD,2015,66.08,4952.733,82619362,7.617351,2.083957,1031.266,68.72457431,0.831821654
29,"Iran, Islamic Rep",MEA,Middle East and North Africa,MNA,Middle East and North Africa (excluding high income),UMC,Upper middle income,IBD,IBRD,2016,66.18,5312.617,83812228,7.661927,2.142544,1164.704,69.92861528,0.834348602
29,"Iran, Islamic Rep",MEA,Middle East and North Africa,MNA,Middle East and North Africa (excluding high income),UMC,Upper middle income,IBD,IBRD,2017,66.29,5381.187,85026754,7.835657,2.132018,1180.686,70.93741626,0.834295241
29,"Iran, Islamic Rep",MEA,Middle East and North Africa,MNA,Middle East and North Africa (excluding high income),UMC,Upper middle income,IBD,IBRD,2018,66.47,5215.346,86117998,7.678412,1.950436,1157.541,74.08051943,0.860221105
29,"Iran, Islamic Rep",MEA,Middle East and North Africa,MNA,Middle East and North Africa (excluding high income),UMC,Upper middle income,IBD,IBRD,2019,66.56,5000.986,87051648,8.004177,1.734389,915.9695,77.83554773,0.894130663
29,"Iran, Islamic Rep",MEA,Middle East and North Africa,MNA,Middle East and North Africa (excluding high income),UMC,Upper middle income,IBD,IBRD,2020,64.46,5127.96,87723443,8.120549,1.407374,819.1639,75.12776273,0.856416029
29,"Iran, Islamic Rep",MEA,Middle East and North Africa,MNA,Middle East and North Africa (excluding high income),UMC,Upper middle income,IBD,IBRD,2021,63.98,5325.547,88455488,8.349769,1.449876,949.6179,78.35973538,0.885866295
30,Ireland,ECS,Europe and Central Asia,,,HIC,High income,LNX,Not classified,2000,66.32,42643.63,3805174,11.51661,1.748103,1795.089,8.349935634,2.194363683
30,Ireland,ECS,Europe and Central Asia,,,HIC,High income,LNX,Not classified,2001,66.77,44196.91,3866243,11.9096,2.003778,2100.658,8.974391451,2.32121764
30,Ireland,ECS,Europe and Central Asia,,,HIC,High income,LNX,Not classified,2002,67.06,46022.14,3931947,11.43932,2.105131,2369.669,8.723220061,2.218549757
30,Ireland,ECS,Europe and Central Asia,,,HIC,High income,LNX,Not classified,2003,67.44,46643.16,3996521,11.12282,2.090585,2563.458,8.509059573,2.129116692
30,Ireland,ECS,Europe and Central Asia,,,HIC,High income,LNX,Not classified,2004,67.67,48906.96,4070262,11.05138,2.289497,2825.267,8.927946549,2.19345746
30,Ireland,ECS,Europe and Central Asia,,,HIC,High income,LNX,Not classified,2005,67.96,50599.61,4159914,11.31535,2.634456,3128.888,9.371101852,2.252715285
30,Ireland,ECS,Europe and Central Asia,,,HIC,High income,LNX,Not classified,2006,68.16,51710.36,4273591,11.15806,3.126665,3376.39,9.508268978,2.224889789
30,Ireland,ECS,Europe and Central Asia,,,HIC,High income,LNX,Not classified,2007,68.37,52904.47,4398942,10.67252,3.222963,3702.287,9.380932338,2.132542856
30,Ireland,ECS,Europe and Central Asia,,,HIC,High income,LNX,Not classified,2008,68.54,49512.43,4489544,10.30922,2.368004,4059.451,8.936871665,1.990596743
30,Ireland,ECS,Europe and Central Asia,,,HIC,High income,LNX,Not classified,2009,68.5,46514.54,4535375,9.077243,1.343886,4377.334,7.604639989,1.676738966
30,Ireland,ECS,Europe and Central Asia,,,HIC,High income,LNX,Not classified,2010,69.33,47040.36,4560155,8.973993,0.8703999,4557.419,7.393207468,1.621262319
30,Ireland,ECS,Europe and Central Asia,,,HIC,High income,LNX,Not classified,2011,69.17,47607.89,4580084,8.109764,0.7604958,4791.452,6.929176756,1.512892942
30,Ireland,ECS,Europe and Central Asia,,,HIC,High income,LNX,Not classified,2012,69.28,47217.45,4599533,8.173939,0.7471747,4927.18,6.553117,1.424735294
30,Ireland,ECS,Europe and Central Asia,,,HIC,High income,LNX,Not classified,2013,69.48,47999.13,4623816,7.857363,0.8473174,4931.944,6.651305122,1.438488279
30,Ireland,ECS,Europe and Central Asia,,,HIC,High income,LNX,Not classified,2014,69.75,52098.11,4657740,7.759192,1.050708,4885.842,6.579881122,1.412676775
30,Ireland,ECS,Europe and Central Asia,,,HIC,High income,LNX,Not classified,2015,69.84,64311.82,4701957,8.006241,1.261963,5093.679,6.818355634,1.450110163
30,Ireland,ECS,Europe and Central Asia,,,HIC,High income,LNX,Not classified,2016,70.03,64367.41,4755335,8.311108,1.446547,5375.688,7.185738427,1.511089845
30,Ireland,ECS,Europe and Central Asia,,,HIC,High income,LNX,Not classified,2017,70.21,70069.1,4807388,7.965116,1.422847,5582.932,7.123052,1.481688601
30,Ireland,ECS,Europe and Central Asia,,,HIC,High income,LNX,Not classified,2018,70.3,74427.55,4867316,7.63659,1.592516,5544.286,7.399691,1.520281609
30,Ireland,ECS,Europe and Central Asia,,,HIC,High income,LNX,Not classified,2019,70.48,77117.19,4934340,7.178103,1.738924,6144.644,7.39767,1.49922178
30,Ireland,ECS,Europe and Central Asia,,,HIC,High income,LNX,Not classified,2020,70.1,81791.09,4985382,6.719986,1.419486,6885.159,6.27492,1.25866383
30,Ireland,ECS,Europe and Central Asia,,,HIC,High income,LNX,Not classified,2021,70,94184.04,5033164,7.029713,1.35996,7567.913,6.857693,1.362501401
31,Israel,MEA,Middle East and North Africa,,,HIC,High income,LNX,Not classified,2000,68.34,29352.28,6289000,9.429337,2.712531,1749.666,13.02580913,2.071205141
31,Israel,MEA,Middle East and North Africa,,,HIC,High income,LNX,Not classified,2001,68.5,28717.13,6439000,9.20424,2.427258,1858.372,12.07244499,1.874894392
31,Israel,MEA,Middle East and North Africa,,,HIC,High income,LNX,Not classified,2002,68.27,28110.35,6570000,9.517032,2.083065,1854.443,12.00957945,1.827942078
31,Israel,MEA,Middle East and North Africa,,,HIC,High income,LNX,Not classified,2003,68.67,28011.83,6689700,9.609519,1.874484,1738.989,12.32009965,1.84165204
31,Israel,MEA,Middle East and North Africa,,,HIC,High income,LNX,Not classified,2004,68.97,28808.83,6809000,9.414819,1.836524,1823.984,11.81193744,1.734753626
31,Israel,MEA,Middle East and North Africa,,,HIC,High income,LNX,Not classified,2005,69.1,29498.63,6930100,8.942815,1.830669,1822.042,11.5327672,1.664155957
31,Israel,MEA,Middle East and North Africa,,,HIC,High income,LNX,Not classified,2006,69.27,30599.22,7053700,9.235536,1.835521,1820.613,11.16844635,1.583345811
31,Israel,MEA,Middle East and North Africa,,,HIC,High income,LNX,Not classified,2007,69.42,31871.05,7180100,9.405217,1.842687,1945.016,11.33980304,1.579337759
31,Israel,MEA,Middle East and North Africa,,,HIC,High income,LNX,Not classified,2008,69.61,32338.67,7308800,9.288748,1.843131,1972.622,11.25030156,1.539281628
31,Israel,MEA,Middle East and North Africa,,,HIC,High income,LNX,Not classified,2009,70.13,31924.79,7485600,8.966455,2.4567,2005.124,10.40056596,1.389409795
31,Israel,MEA,Middle East and North Africa,,,HIC,High income,LNX,Not classified,2010,70.48,33112.71,7623600,9.448777,1.895387,2096.734,10.33230505,1.355305242
31,Israel,MEA,Middle East and North Africa,,,HIC,High income,LNX,Not classified,2011,70.61,34314.65,7765800,9.170761,1.919927,2215.299,10.80808442,1.391754155
31,Israel,MEA,Middle East and North Africa,,,HIC,High income,LNX,Not classified,2012,70.6,34542.88,7910500,9.817572,1.920126,2344.716,12.89839772,1.630541397
31,Israel,MEA,Middle East and North Africa,,,HIC,High income,LNX,Not classified,2013,70.9,35338.63,8059500,8.481469,1.943222,2514.027,9.747862023,1.209487192
31,Israel,MEA,Middle East and North Africa,,,HIC,High income,LNX,Not classified,2014,70.47,36013.67,8215700,8.035444,1.998835,2546.28,9.076350844,1.104756849
31,Israel,MEA,Middle East and North Africa,,,HIC,High income,LNX,Not classified,2015,70.97,36123.99,8380100,8.123233,2.062685,2620.779,9.67150972,1.154104333
31,Israel,MEA,Middle East and North Africa,,,HIC,High income,LNX,Not classified,2016,71.21,36969.74,8546000,7.917365,2.043855,2822.076,9.932686483,1.162261465
31,Israel,MEA,Middle East and North Africa,,,HIC,High income,LNX,Not classified,2017,71.35,37809.44,8713300,7.795864,2.025404,2949.82,10.34937686,1.187767764
31,Israel,MEA,Middle East and North Africa,,,HIC,High income,LNX,Not classified,2018,71.51,38599.11,8882800,7.157394,2.015384,3035.326,10.45334214,1.176807103
31,Israel,MEA,Middle East and North Africa,,,HIC,High income,LNX,Not classified,2019,71.51,39302.65,9054000,7.229678,1.998758,3114.749,10.55026411,1.165260008
31,Israel,MEA,Middle East and North Africa,,,HIC,High income,LNX,Not classified,2020,71.22,38049.99,9215100,6.676835,1.856607,3322.781,9.134562565,0.991260276
31,Israel,MEA,Middle East and North Africa,,,HIC,High income,LNX,Not classified,2021,70.76,40911.43,9371400,6.518845,1.77582,3708.051,9.49937276,1.013655671
32,Italy,ECS,Europe and Central Asia,,,HIC,High income,LNX,Not classified,2000,68.39,32609.67,56942108,7.985614,0.1345999,2049.405,94.763,1.664199014
32,Italy,ECS,Europe and Central Asia,,,HIC,High income,LNX,Not classified,2001,68.62,33245.28,56974100,7.969835,0.145384,2170.313,92.874,1.63010912
32,Italy,ECS,Europe and Central Asia,,,HIC,High income,LNX,Not classified,2002,68.84,33285.41,57059007,8.085796,0.2974339,2263.524,93.321,1.635517421
32,Italy,ECS,Europe and Central Asia,,,HIC,High income,LNX,Not classified,2003,68.78,33159.84,57313203,8.395191,0.6209564,2294.429,92.528,1.614427307
32,Italy,ECS,Europe and Central Asia,,,HIC,High income,LNX,Not classified,2004,69.3,33431.56,57685327,8.540318,0.8233213,2421.308,90.50006328,1.568857593
32,Italy,ECS,Europe and Central Asia,,,HIC,High income,LNX,Not classified,2005,69.33,33521.32,57969484,8.512979,0.6657417,2516.803,87.7449474,1.513640304
32,Italy,ECS,Europe and Central Asia,,,HIC,High income,LNX,Not classified,2006,69.74,34022.12,58143979,8.391779,0.4746079,2741.766,87.64906865,1.507448753
32,Italy,ECS,Europe and Central Asia,,,HIC,High income,LNX,Not classified,2007,69.88,34345.76,58438310,8.226112,0.6786817,2788.655,84.74261234,1.45012086
32,Italy,ECS,Europe and Central Asia,,,HIC,High income,LNX,Not classified,2008,70.07,33769.9,58826731,7.911317,0.835915,3040.123,79.83223529,1.357074138
32,Italy,ECS,Europe and Central Asia,,,HIC,High income,LNX,Not classified,2009,70.23,31832.99,59095365,7.009225,0.6272928,3102.408,73.77727097,1.24844429
32,Italy,ECS,Europe and Central Asia,,,HIC,High income,LNX,Not classified,2010,70.53,32220.49,59277417,7.153488,0.4804389,3138.816,71.71843171,1.209877814
32,Italy,ECS,Europe and Central Asia,,,HIC,High income,LNX,Not classified,2011,70.52,32388.82,59379449,6.987384,0.3430663,3211.934,69.7084086,1.173948391
32,Italy,ECS,Europe and Central Asia,,,HIC,High income,LNX,Not classified,2012,70.56,31292.13,59539717,6.63183,0.6195791,3212.635,64.88950114,1.089852361
32,Italy,ECS,Europe and Central Asia,,,HIC,High income,LNX,Not classified,2013,70.91,30369.13,60233948,6.01155,1.587835,3216.072,59.09260073,0.981051429
32,Italy,ECS,Europe and Central Asia,,,HIC,High income,LNX,Not classified,2014,71.17,30091.35,60789140,5.648251,1.341371,3210.074,56.01108508,0.921399531
32,Italy,ECS,Europe and Central Asia,,,HIC,High income,LNX,Not classified,2015,70.9,30387.13,60730582,5.829361,0.3257014,3264.643,59.51998394,0.980066088
32,Italy,ECS,Europe and Central Asia,,,HIC,High income,LNX,Not classified,2016,71.37,30815.09,60627498,5.763838,0.2461272,3481.573,58.77758978,0.969487307
32,Italy,ECS,Europe and Central Asia,,,HIC,High income,LNX,Not classified,2017,71.12,31356.22,60536709,5.71445,0.2629986,3605.161,59.39049378,0.981065782
32,Italy,ECS,Europe and Central Asia,,,HIC,High income,LNX,Not classified,2018,71.27,31675.58,60421760,5.637189,0.2281979,3732.51,60.80334827,1.006315411
32,Italy,ECS,Europe and Central Asia,,,HIC,High income,LNX,Not classified,2019,71.43,32180.43,59729081,5.566597,-0.7308524,4016.714,59.0884469,0.989274335
32,Italy,ECS,Europe and Central Asia,,,HIC,High income,LNX,Not classified,2020,70.48,29469.8,59438851,4.9778,-0.0596581,4239.948,48.87786855,0.822321894
32,Italy,ECS,Europe and Central Asia,,,HIC,High income,LNX,Not classified,2021,70.56,32267.71,59133173,5.652946,-0.0843723,4655.692,54.37385539,0.919515267
33,Japan,EAS,East Asia and Pacific,,,HIC,High income,LNX,Not classified,2000,71.11,31430.63,126843000,9.845295,0.3276096,1916.747,264.1420396,2.082432926
33,Japan,EAS,East Asia and Pacific,,,HIC,High income,LNX,Not classified,2001,71.34,31476.05,127149000,9.714761,1.931624,2021.113,255.3534638,2.008301
33,Japan,EAS,East Asia and Pacific,,,HIC,High income,LNX,Not classified,2002,71.53,31416.13,127445000,9.960607,2.282872,2103.854,250.7671168,1.967649706
33,Japan,EAS,East Asia and Pacific,,,HIC,High income,LNX,Not classified,2003,71.57,31830.22,127718000,9.99633,2.0934,2201.271,258.631741,2.025021853
33,Japan,EAS,East Asia and Pacific,,,HIC,High income,LNX,Not classified,2004,71.74,32515.12,127761000,9.951269,1.754432,2322.152,252.8935752,1.979427018
33,Japan,EAS,East Asia and Pacific,,,HIC,High income,LNX,Not classified,2005,71.66,33098.55,127773000,10.04138,1.577841,2460.925,255.9924182,2.003493838
33,Japan,EAS,East Asia and Pacific,,,HIC,High income,LNX,Not classified,2006,71.92,33531.52,127854000,9.857331,1.380581,2582.562,246.8526919,1.930738905
33,Japan,EAS,East Asia and Pacific,,,HIC,High income,LNX,Not classified,2007,72.04,33990.04,128001000,10.12688,1.288009,2722.175,240.1310875,1.876009465
33,Japan,EAS,East Asia and Pacific,,,HIC,High income,LNX,Not classified,2008,72.1,33557.64,128063000,9.565287,1.128273,2851.26,231.3660832,1.806658311
33,Japan,EAS,East Asia and Pacific,,,HIC,High income,LNX,Not classified,2009,72.34,31651.08,128047000,9.070202,0.9769491,3002.017,206.6782057,1.614080812
33,Japan,EAS,East Asia and Pacific,,,HIC,High income,LNX,Not classified,2010,72.31,32942.2,128070000,9.529581,0.9283595,3199.566,208.4071525,1.627290954
33,Japan,EAS,East Asia and Pacific,,,HIC,High income,LNX,Not classified,2011,72.12,33011.13,127833000,9.961008,0.0973766,3790.287,208.5594542,1.631499332
33,Japan,EAS,East Asia and Pacific,,,HIC,High income,LNX,Not classified,2012,72.54,33518.45,127629000,10.27431,-0.073001,4003.804,222.0629235,1.739909609
33,Japan,EAS,East Asia and Pacific,,,HIC,High income,LNX,Not classified,2013,72.74,34239.89,127445000,10.41006,-0.0587332,4196.748,212.1899674,1.664953253
33,Japan,EAS,East Asia and Pacific,,,HIC,High income,LNX,Not classified,2014,72.93,34386.91,127276000,10.02746,-0.0472291,4236.894,201.258721,1.58127786
33,Japan,EAS,East Asia and Pacific,,,HIC,High income,LNX,Not classified,2015,73.1,34960.64,127141000,9.716918,-0.021827,4391.84,193.7553212,1.523940517
33,Japan,EAS,East Asia and Pacific,,,HIC,High income,LNX,Not classified,2016,73.24,35242.2,127076000,9.701886,0.0319962,4324.34,187.9301493,1.478879956
33,Japan,EAS,East Asia and Pacific,,,HIC,High income,LNX,Not classified,2017,73.37,35861.97,126972000,9.591472,0.0033754,4413.187,185.7666777,1.463052308
33,Japan,EAS,East Asia and Pacific,,,HIC,High income,LNX,Not classified,2018,73.48,36138.53,126811000,9.299017,-0.0384281,4522.341,179.3615371,1.414400463
33,Japan,EAS,East Asia and Pacific,,,HIC,High income,LNX,Not classified,2019,73.58,36043.79,126633000,8.998424,-0.0510015,4679.332,174.8150084,1.380485406
33,Japan,EAS,East Asia and Pacific,,,HIC,High income,LNX,Not classified,2020,73.64,34650.8,126261000,8.491692,-0.2026312,4755.301,155.107168,1.228464593
33,Japan,EAS,East Asia and Pacific,,,HIC,High income,LNX,Not classified,2021,73.4,35701.45,125681593,8.632303,-0.3673846,4985.147,157.9201957,1.256510138
34,Kazakhstan,ECS,Europe and Central Asia,ECA,Europe and Central Asia (excluding high income),UMC,Upper middle income,IBD,IBRD,2000,56.37,4269.33,15501103,8.529651,0.4224274,308.5827,7.688,0.495964707
34,Kazakhstan,ECS,Europe and Central Asia,ECA,Europe and Central Asia (excluding high income),UMC,Upper middle income,IBD,IBRD,2001,56.67,4822.529,15575550,8.37668,0.6091594,297.3636,7.712,0.495135003
34,Kazakhstan,ECS,Europe and Central Asia,ECA,Europe and Central Asia (excluding high income),UMC,Upper middle income,IBD,IBRD,2002,56.96,5267.699,15656677,9.294973,0.6493828,343.5454,7.916,0.505598985
34,Kazakhstan,ECS,Europe and Central Asia,ECA,Europe and Central Asia (excluding high income),UMC,Upper middle income,IBD,IBRD,2003,56.82,5724.432,15747380,10.29687,0.7073653,392.1311,8.641,0.548726201
34,Kazakhstan,ECS,Europe and Central Asia,ECA,Europe and Central Asia (excluding high income),UMC,Upper middle income,IBD,IBRD,2004,57.1,6233.294,15850159,11.01255,0.7800962,469.0356,8.862551849,0.559145927
34,Kazakhstan,ECS,Europe and Central Asia,ECA,Europe and Central Asia (excluding high income),UMC,Upper middle income,IBD,IBRD,2005,57.09,6787.412,15968117,11.74785,0.8708206,515.9891,9.105890535,0.570254497
34,Kazakhstan,ECS,Europe and Central Asia,ECA,Europe and Central Asia (excluding high income),UMC,Upper middle income,IBD,IBRD,2006,57.4,7450.397,16103716,13.05205,0.9748056,508.5241,10.46296484,0.649723632
34,Kazakhstan,ECS,Europe and Central Asia,ECA,Europe and Central Asia (excluding high income),UMC,Upper middle income,IBD,IBRD,2007,57.74,8036.876,16257214,13.50771,1.077703,448.1416,11.35883093,0.698694803
34,Kazakhstan,ECS,Europe and Central Asia,ECA,Europe and Central Asia (excluding high income),UMC,Upper middle income,IBD,IBRD,2008,58.85,8216.521,16426525,15.80447,1.164941,522.6638,11.27729455,0.686529534
34,Kazakhstan,ECS,Europe and Central Asia,ECA,Europe and Central Asia (excluding high income),UMC,Upper middle income,IBD,IBRD,2009,59.97,8218.399,16619846,13.921,1.298721,604.0113,9.019137826,0.542672768
34,Kazakhstan,ECS,Europe and Central Asia,ECA,Europe and Central Asia (excluding high income),UMC,Upper middle income,IBD,IBRD,2010,60.04,8704.707,16836810,14.84199,1.42378,510.0439,9.347841081,0.555202623
34,Kazakhstan,ECS,Europe and Central Asia,ECA,Europe and Central Asia (excluding high income),UMC,Upper middle income,IBD,IBRD,2011,60.57,9223.302,17066002,15.72298,1.48045,524.6354,12.51536504,0.733350731
34,Kazakhstan,ECS,Europe and Central Asia,ECA,Europe and Central Asia (excluding high income),UMC,Upper middle income,IBD,IBRD,2012,61.05,9531.915,17306106,15.44424,1.525326,649.299,13.36348099,0.772183008
34,Kazakhstan,ECS,Europe and Central Asia,ECA,Europe and Central Asia (excluding high income),UMC,Upper middle income,IBD,IBRD,2013,61.88,9959.726,17556502,16.30163,1.564543,633.1671,13.46522719,0.766965264
34,Kazakhstan,ECS,Europe and Central Asia,ECA,Europe and Central Asia (excluding high income),UMC,Upper middle income,IBD,IBRD,2014,62.55,10226.71,17816285,13.03847,1.594995,713.7364,13.84104787,0.776876205
34,Kazakhstan,ECS,Europe and Central Asia,ECA,Europe and Central Asia (excluding high income),UMC,Upper middle income,IBD,IBRD,2015,62.97,10196.12,18084169,11.35724,1.620119,684.9933,12.75159603,0.705124799
34,Kazakhstan,ECS,Europe and Central Asia,ECA,Europe and Central Asia (excluding high income),UMC,Upper middle income,IBD,IBRD,2016,63.33,10151.42,18363600,11.74774,1.660916,789.8827,13.06900439,0.711679866
34,Kazakhstan,ECS,Europe and Central Asia,ECA,Europe and Central Asia (excluding high income),UMC,Upper middle income,IBD,IBRD,2017,63.78,10404.27,18651931,12.20698,1.683576,733.9389,13.23214195,0.709424775
34,Kazakhstan,ECS,Europe and Central Asia,ECA,Europe and Central Asia (excluding high income),UMC,Upper middle income,IBD,IBRD,2018,63.94,10670.21,18932727,12.08981,1.654559,711.5578,14.14099185,0.746907292
34,Kazakhstan,ECS,Europe and Central Asia,ECA,Europe and Central Asia (excluding high income),UMC,Upper middle income,IBD,IBRD,2019,63.97,10989.68,19209555,11.2931,1.646422,737.9601,14.23204095,0.740883428
34,Kazakhstan,ECS,Europe and Central Asia,ECA,Europe and Central Asia (excluding high income),UMC,Upper middle income,IBD,IBRD,2020,62.48,10565.04,19482117,11.53521,1.636327,967.6552,12.40707536,0.63684431
34,Kazakhstan,ECS,Europe and Central Asia,ECA,Europe and Central Asia (excluding high income),UMC,Upper middle income,IBD,IBRD,2021,61.55,10873.39,19743603,12.40221,1.593016,1088.217,15.15202943,0.767439937
35,"Korea, Rep",EAS,East Asia and Pacific,,,HIC,High income,LNX,Not classified,2000,66.55,16995.56,47008111,10.08673,1.134284,718.4442,101.2259251,2.153371469
35,"Korea, Rep",EAS,East Asia and Pacific,,,HIC,High income,LNX,Not classified,2001,67.1,17684.05,47370164,10.18558,1.167089,858.2953,101.2205048,2.136798698
35,"Korea, Rep",EAS,East Asia and Pacific,,,HIC,High income,LNX,Not classified,2002,67.4,18940.38,47644736,10.31113,1.02604,873.3916,102.8684839,2.159073436
35,"Korea, Rep",EAS,East Asia and Pacific,,,HIC,High income,LNX,Not classified,2003,67.77,19435.49,47892330,10.34606,0.9569638,1032.001,103.7705967,2.166747718
35,"Korea, Rep",EAS,East Asia and Pacific,,,HIC,High income,LNX,Not classified,2004,68.14,20364.76,48082519,10.72536,0.8293556,1103.551,102.9914724,2.14197331
35,"Korea, Rep",EAS,East Asia and Pacific,,,HIC,High income,LNX,Not classified,2005,68.47,21197.2,48184561,10.69628,0.6345499,1227.379,103.3589823,2.145064314
35,"Korea, Rep",EAS,East Asia and Pacific,,,HIC,High income,LNX,Not classified,2006,68.93,22196.21,48438292,10.7747,0.7499161,1400.023,103.4226806,2.13514301
35,"Korea, Rep",EAS,East Asia and Pacific,,,HIC,High income,LNX,Not classified,2007,69.23,23365.14,48683638,10.94807,0.6314917,1515.94,105.9919018,2.177156559
35,"Korea, Rep",EAS,East Asia and Pacific,,,HIC,High income,LNX,Not classified,2008,69.63,23887.06,49054708,11.07573,0.8841888,1640.368,100.8714111,2.056304384
35,"Korea, Rep",EAS,East Asia and Pacific,,,HIC,High income,LNX,Not classified,2009,69.96,23952.81,49307835,11.18214,0.6394034,1767.753,102.0146803,2.068934486
35,"Korea, Rep",EAS,East Asia and Pacific,,,HIC,High income,LNX,Not classified,2010,70.11,25455.62,49554112,12.07019,0.621567,1943.246,104.1099909,2.100935455
35,"Korea, Rep",EAS,East Asia and Pacific,,,HIC,High income,LNX,Not classified,2011,70.42,26191.64,49936638,12.59406,0.7531051,2025.89,105.0320963,2.103307321
35,"Korea, Rep",EAS,East Asia and Pacific,,,HIC,High income,LNX,Not classified,2012,70.56,26680.28,50199853,12.59261,0.4377883,2098.088,108.7228145,2.165799459
35,"Korea, Rep",EAS,East Asia and Pacific,,,HIC,High income,LNX,Not classified,2013,70.94,27399.62,50428893,12.47053,0.3672134,2176.614,108.5840352,2.153210764
35,"Korea, Rep",EAS,East Asia and Pacific,,,HIC,High income,LNX,Not classified,2014,71.27,28100.01,50746659,12.28698,0.5400707,2306.326,107.7654692,2.123597324
35,"Korea, Rep",EAS,East Asia and Pacific,,,HIC,High income,LNX,Not classified,2015,71.45,28737.44,51014947,12.59808,0.4379045,2550.288,112.9162754,2.213395916
35,"Korea, Rep",EAS,East Asia and Pacific,,,HIC,High income,LNX,Not classified,2016,71.71,29467.13,51217803,12.88391,0.3086128,2723.653,123.2842341,2.407058227
35,"Korea, Rep",EAS,East Asia and Pacific,,,HIC,High income,LNX,Not classified,2017,72.03,30312.89,51361911,13.00305,0.2086046,2879.591,121.9330316,2.373997174
35,"Korea, Rep",EAS,East Asia and Pacific,,,HIC,High income,LNX,Not classified,2018,72.12,31059.27,51585058,12.99917,0.3795185,3208.759,121.3382013,2.352196663
35,"Korea, Rep",EAS,East Asia and Pacific,,,HIC,High income,LNX,Not classified,2019,72.5,31645.95,51764822,12.57846,0.3122699,3564.595,120.0458653,2.319062649
35,"Korea, Rep",EAS,East Asia and Pacific,,,HIC,High income,LNX,Not classified,2020,72.5,31378.16,51836239,11.84889,0.1182184,3770.283,114.5604929,2.210046391
35,"Korea, Rep",EAS,East Asia and Pacific,,,HIC,High income,LNX,Not classified,2021,72.45,32771.07,51769539,12.19001,-0.1287594,4344.085,122.1376975,2.35925797
36,Latvia,ECS,Europe and Central Asia,,,HIC,High income,LNX,Not classified,2000,61.2,6336.383,2367550,3.053705,-1.188489,434.2741,1.265001413,0.534308215
36,Latvia,ECS,Europe and Central Asia,,,HIC,High income,LNX,Not classified,2001,60.93,6833.435,2337170,3.280549,-1.463509,518.4336,1.468999239,0.628537607
36,Latvia,ECS,Europe and Central Asia,,,HIC,High income,LNX,Not classified,2002,61.21,7443.229,2310173,3.317674,-1.309137,578.2634,1.459999727,0.631987183
36,Latvia,ECS,Europe and Central Asia,,,HIC,High income,LNX,Not classified,2003,61.65,8149.002,2287955,3.459115,-1.040127,603.0904,1.471000477,0.642932434
36,Latvia,ECS,Europe and Central Asia,,,HIC,High income,LNX,Not classified,2004,61.92,8957.234,2263122,3.515851,-0.9438869,757.0871,1.576999836,0.696824933
36,Latvia,ECS,Europe and Central Asia,,,HIC,High income,LNX,Not classified,2005,61.72,10106.26,2238799,3.586253,-0.933436,807.582,1.671001392,0.746382946
36,Latvia,ECS,Europe and Central Asia,,,HIC,High income,LNX,Not classified,2006,61.66,11507.46,2218357,3.84884,-0.9657734,900.8127,1.570914206,0.708143102
36,Latvia,ECS,Europe and Central Asia,,,HIC,High income,LNX,Not classified,2007,62,12810.04,2200325,4.050356,-0.9147994,1001.822,1.703960784,0.774413227
36,Latvia,ECS,Europe and Central Asia,,,HIC,High income,LNX,Not classified,2008,62.88,12506.69,2177322,3.893407,-1.148184,1085.898,1.674964244,0.769277233
36,Latvia,ECS,Europe and Central Asia,,,HIC,High income,LNX,Not classified,2009,63.54,10675.42,2141669,3.619,-1.680568,1027.854,1.527254208,0.713114028
36,Latvia,ECS,Europe and Central Asia,,,HIC,High income,LNX,Not classified,2010,63.75,10500.87,2097555,4.232833,-2.04149,1067.803,1.721998436,0.820955081
36,Latvia,ECS,Europe and Central Asia,,,HIC,High income,LNX,Not classified,2011,64.38,11018.52,2059709,3.996584,-1.779475,1093.871,1.57900056,0.76661342
36,Latvia,ECS,Europe and Central Asia,,,HIC,High income,LNX,Not classified,2012,64.57,11971.01,2034319,3.945104,-1.199088,1146.008,1.576999317,0.775197654
36,Latvia,ECS,Europe and Central Asia,,,HIC,High income,LNX,Not classified,2013,64.79,12353.54,2012647,3.864314,-1.02987,1217.731,1.593999616,0.791991649
36,Latvia,ECS,Europe and Central Asia,,,HIC,High income,LNX,Not classified,2014,65.05,12731.68,1993782,3.797707,-0.901948,1296.144,1.601999579,0.803497865
36,Latvia,ECS,Europe and Central Asia,,,HIC,High income,LNX,Not classified,2015,65.36,13321.98,1977527,3.866496,-0.7774373,1405.403,1.682000187,0.850557381
36,Latvia,ECS,Europe and Central Asia,,,HIC,High income,LNX,Not classified,2016,65.48,13787.34,1959537,3.816463,-0.8535772,1631.077,1.733999775,0.884902798
36,Latvia,ECS,Europe and Central Asia,,,HIC,High income,LNX,Not classified,2017,65.48,14382.86,1942248,3.825619,-0.8069098,1703.601,1.770311886,0.911475716
36,Latvia,ECS,Europe and Central Asia,,,HIC,High income,LNX,Not classified,2018,65.55,15120.07,1927174,4.206107,-0.6807342,1903.766,1.574854513,0.817183354
36,Latvia,ECS,Europe and Central Asia,,,HIC,High income,LNX,Not classified,2019,66.02,15328.39,1913822,4.104039,-0.577886,2202.676,1.810795,0.946166885
36,Latvia,ECS,Europe and Central Asia,,,HIC,High income,LNX,Not classified,2020,65.81,14900.73,1900449,3.800575,-0.5649915,2448.218,1.588627999,0.835922458
36,Latvia,ECS,Europe and Central Asia,,,HIC,High income,LNX,Not classified,2021,63.76,16070.87,1884490,3.941172,-0.6882643,3334.991,1.657729,0.879669831
37,Lithuania,ECS,Europe and Central Asia,,,HIC,High income,LNX,Not classified,2000,62.56,6384.309,3499536,3.330699,-0.7929407,521.7982,2.413,0.689519982
37,Lithuania,ECS,Europe and Central Asia,,,HIC,High income,LNX,Not classified,2001,62.2,6854.525,3470818,3.569908,-0.9240587,564.9601,2.667,0.768406756
37,Lithuania,ECS,Europe and Central Asia,,,HIC,High income,LNX,Not classified,2002,62.39,7374.098,3443067,3.621713,-0.9388486,641.8255,2.585,0.750784112
37,Lithuania,ECS,Europe and Central Asia,,,HIC,High income,LNX,Not classified,2003,62.54,8218.693,3415213,3.657605,-0.9485362,743.0413,2.431,0.711815046
37,Lithuania,ECS,Europe and Central Asia,,,HIC,High income,LNX,Not classified,2004,62.61,8851.926,3377075,3.868644,-1.259472,713.5765,2.632,0.779372682
37,Lithuania,ECS,Europe and Central Asia,,,HIC,High income,LNX,Not classified,2005,62.04,9692.868,3322528,4.200657,-1.644868,811.5737,2.848,0.85717863
37,Lithuania,ECS,Europe and Central Asia,,,HIC,High income,LNX,Not classified,2006,61.88,10577.21,3269909,4.340426,-1.489928,957.5114,2.801,0.856598762
37,Lithuania,ECS,Europe and Central Asia,,,HIC,High income,LNX,Not classified,2007,61.63,11889.35,3231294,4.81708,-1.081554,1094.589,2.83,0.875810124
37,Lithuania,ECS,Europe and Central Asia,,,HIC,High income,LNX,Not classified,2008,62.39,12324.52,3198231,4.94908,-0.9222281,1298.464,3.048,0.953026845
37,Lithuania,ECS,Europe and Central Asia,,,HIC,High income,LNX,Not classified,2009,63.27,10612.92,3162916,4.175704,-1.119315,1325.642,2.632,0.832143503
37,Lithuania,ECS,Europe and Central Asia,,,HIC,High income,LNX,Not classified,2010,63.5,10884.12,3097282,4.532684,-2.224153,1349.808,2.682,0.865920507
37,Lithuania,ECS,Europe and Central Asia,,,HIC,High income,LNX,Not classified,2011,63.87,11836.72,3028115,4.728354,-2.282468,1472.825,2.59,0.855317582
37,Lithuania,ECS,Europe and Central Asia,,,HIC,High income,LNX,Not classified,2012,64.13,12522.34,2987773,4.849197,-1.157043,1542.2,2.619,0.876572618
37,Lithuania,ECS,Europe and Central Asia,,,HIC,High income,LNX,Not classified,2013,64.2,13161.63,2957689,4.517513,-0.8297142,1629.124,2.547,0.861145306
37,Lithuania,ECS,Europe and Central Asia,,,HIC,High income,LNX,Not classified,2014,64.72,13776.11,2932367,4.50445,-0.6778801,1738.959,2.485,0.847438264
37,Lithuania,ECS,Europe and Central Asia,,,HIC,High income,LNX,Not classified,2015,64.68,14300.25,2904910,4.701557,-0.7591298,1861.014,2.734,0.941165131
37,Lithuania,ECS,Europe and Central Asia,,,HIC,High income,LNX,Not classified,2016,64.96,14870.1,2868231,4.712487,-1.068634,2038.207,3.009,1.049078683
37,Lithuania,ECS,Europe and Central Asia,,,HIC,High income,LNX,Not classified,2017,65.61,15775,2828403,4.935966,-1.175857,2160.877,3.0947,1.09415101
37,Lithuania,ECS,Europe and Central Asia,,,HIC,High income,LNX,Not classified,2018,65.84,16709.56,2801543,5.002922,-0.7130948,2369.305,3.2955,1.176316052
37,Lithuania,ECS,Europe and Central Asia,,,HIC,High income,LNX,Not classified,2019,66.23,17537.48,2794137,5.115676,-0.0049578,2834.09,3.2859,1.17599817
37,Lithuania,ECS,Europe and Central Asia,,,HIC,High income,LNX,Not classified,2020,65.09,17540.29,2794885,5.099029,0.3078125,3077.951,3.0791,1.101691125
37,Lithuania,ECS,Europe and Central Asia,,,HIC,High income,LNX,Not classified,2021,64.23,18619.7,2800839,5.115967,0.5107329,3607.928,3.1118,1.111024232
38,Luxembourg,ECS,Europe and Central Asia,,,HIC,High income,LNX,Not classified,2000,67.85,92527.71,436300,20.17121,2.260035,3286.64,2.276290041,5.217258861
38,Luxembourg,ECS,Europe and Central Asia,,,HIC,High income,LNX,Not classified,2001,68.02,94243.71,441525,21.14059,1.932309,3603.542,2.417418168,5.475155807
38,Luxembourg,ECS,Europe and Central Asia,,,HIC,High income,LNX,Not classified,2002,68.18,96269.58,446175,22.48467,1.583749,3979.253,2.463418416,5.52119329
38,Luxembourg,ECS,Europe and Central Asia,,,HIC,High income,LNX,Not classified,2003,68.36,97598,451630,23.14749,1.734295,4222.375,2.646417145,5.859701847
38,Luxembourg,ECS,Europe and Central Asia,,,HIC,High income,LNX,Not classified,2004,68.55,100292.6,458095,25.93392,1.926368,4741.775,3.004409625,6.558485959
38,Luxembourg,ECS,Europe and Central Asia,,,HIC,High income,LNX,Not classified,2005,68.8,101222,465158,26.04298,2.017393,4941.683,3.081885791,6.625460146
38,Luxembourg,ECS,Europe and Central Asia,,,HIC,High income,LNX,Not classified,2006,69.06,105614.2,472637,25.26675,2.068484,5274.305,2.932281994,6.20408896
38,Luxembourg,ECS,Europe and Central Asia,,,HIC,High income,LNX,Not classified,2007,69.34,112417.9,479993,23.62847,2.00297,5284.182,2.852927623,5.943685893
38,Luxembourg,ECS,Europe and Central Asia,,,HIC,High income,LNX,Not classified,2008,69.58,110094.8,488650,22.94587,2.233911,5725.232,2.876835524,5.887313054
38,Luxembourg,ECS,Europe and Central Asia,,,HIC,High income,LNX,Not classified,2009,69.86,104574.4,497783,21.31391,2.281284,6090.032,2.693078311,5.410145206
38,Luxembourg,ECS,Europe and Central Asia,,,HIC,High income,LNX,Not classified,2010,70.07,106544.1,506953,22.11901,2.243098,6078.016,2.822025859,5.566641995
38,Luxembourg,ECS,Europe and Central Asia,,,HIC,High income,LNX,Not classified,2011,70.26,105290.3,518347,21.39474,2.627293,5694.883,2.882900048,5.561718401
38,Luxembourg,ECS,Europe and Central Asia,,,HIC,High income,LNX,Not classified,2012,70.43,104487.7,530946,20.46837,2.786511,5175.365,2.783132926,5.241838014
38,Luxembourg,ECS,Europe and Central Asia,,,HIC,High income,LNX,Not classified,2013,70.69,105339,543360,18.99919,2.674605,5346.197,2.737353724,5.037827082
38,Luxembourg,ECS,Europe and Central Asia,,,HIC,High income,LNX,Not classified,2014,70.92,105583.9,556319,17.65138,2.702569,5573.945,2.638202269,4.742247288
38,Luxembourg,ECS,Europe and Central Asia,,,HIC,High income,LNX,Not classified,2015,71.11,105462,569604,16.34346,2.687531,5545.197,2.591081544,4.548917396
38,Luxembourg,ECS,Europe and Central Asia,,,HIC,High income,LNX,Not classified,2016,71.25,108351.5,582014,15.53451,2.466493,5806.305,2.587501624,4.445772137
38,Luxembourg,ECS,Europe and Central Asia,,,HIC,High income,LNX,Not classified,2017,71.37,107142.1,596336,15.40776,2.725718,5961.603,2.708114351,4.541255855
38,Luxembourg,ECS,Europe and Central Asia,,,HIC,High income,LNX,Not classified,2018,71.46,106376.8,607950,15.57497,2.208365,6211.73,2.867165888,4.716121207
38,Luxembourg,ECS,Europe and Central Asia,,,HIC,High income,LNX,Not classified,2019,71.46,107350.6,620001,15.51385,2.228566,6700.669,2.897878,4.673989236
38,Luxembourg,ECS,Europe and Central Asia,,,HIC,High income,LNX,Not classified,2020,71.32,104616,630419,12.60416,1.918069,7088.204,2.352014,3.730874228
38,Luxembourg,ECS,Europe and Central Asia,,,HIC,High income,LNX,Not classified,2021,71.23,110425.9,640064,13.00682,1.757465,7874.346,2.524639,3.944354002
39,Malaysia,EAS,East Asia and Pacific,EAP,East Asia and Pacific (excluding high income),UMC,Upper middle income,IBD,IBRD,2000,64.13,6455.614,22967816,5.694037,4.357598,356.743,22.42666974,0.976438933
39,Malaysia,EAS,East Asia and Pacific,EAP,East Asia and Pacific (excluding high income),UMC,Upper middle income,IBD,IBRD,2001,64.53,6334.928,23526538,5.883041,3.916765,380.8464,24.20682854,1.028915879
39,Malaysia,EAS,East Asia and Pacific,EAP,East Asia and Pacific (excluding high income),UMC,Upper middle income,IBD,IBRD,2002,64.76,6516.907,24102477,6.080512,3.892027,396.9031,26.21166288,1.087509092
39,Malaysia,EAS,East Asia and Pacific,EAP,East Asia and Pacific (excluding high income),UMC,Upper middle income,IBD,IBRD,2003,64.67,6732.92,24679602,6.344348,3.802879,458.173,27.45812122,1.112583632
39,Malaysia,EAS,East Asia and Pacific,EAP,East Asia and Pacific (excluding high income),UMC,Upper middle income,IBD,IBRD,2004,64.85,7025.346,25256772,6.716012,3.712795,480.1621,28.72147307,1.137179093
39,Malaysia,EAS,East Asia and Pacific,EAP,East Asia and Pacific (excluding high income),UMC,Upper middle income,IBD,IBRD,2005,65.05,7234.024,25836071,7.011581,3.628417,477.8543,29.78373435,1.152796582
39,Malaysia,EAS,East Asia and Pacific,EAP,East Asia and Pacific (excluding high income),UMC,Upper middle income,IBD,IBRD,2006,65.24,7469.811,26417909,7.107708,3.55318,567.4321,28.74020125,1.087905983
39,Malaysia,EAS,East Asia and Pacific,EAP,East Asia and Pacific (excluding high income),UMC,Upper middle income,IBD,IBRD,2007,65.35,7769.597,26998389,7.590838,3.464718,598.6371,30.6602208,1.135631493
39,Malaysia,EAS,East Asia and Pacific,EAP,East Asia and Pacific (excluding high income),UMC,Upper middle income,IBD,IBRD,2008,65.19,7976.118,27570059,7.84105,3.352735,613.3834,29.32651739,1.063708909
39,Malaysia,EAS,East Asia and Pacific,EAP,East Asia and Pacific (excluding high income),UMC,Upper middle income,IBD,IBRD,2009,65.07,7700.461,28124778,7.039383,3.212464,646.3497,29.03533712,1.032375691
39,Malaysia,EAS,East Asia and Pacific,EAP,East Asia and Pacific (excluding high income),UMC,Upper middle income,IBD,IBRD,2010,65.08,8118.923,28655776,7.522902,3.057765,648.0559,29.23224742,1.020117111
39,Malaysia,EAS,East Asia and Pacific,EAP,East Asia and Pacific (excluding high income),UMC,Upper middle income,IBD,IBRD,2011,65.22,8400.322,29162039,7.486743,2.729391,716.8407,29.95849419,1.027311368
39,Malaysia,EAS,East Asia and Pacific,EAP,East Asia and Pacific (excluding high income),UMC,Upper middle income,IBD,IBRD,2012,65.49,8710.526,29662831,7.41259,2.628445,789.9485,32.81372666,1.1062237
39,Malaysia,EAS,East Asia and Pacific,EAP,East Asia and Pacific (excluding high income),UMC,Upper middle income,IBD,IBRD,2013,65.56,8964.808,30174265,7.862518,2.61164,816.8918,34.91998671,1.157277127
39,Malaysia,EAS,East Asia and Pacific,EAP,East Asia and Pacific (excluding high income),UMC,Upper middle income,IBD,IBRD,2014,65.5,9341.73,30696137,8.19206,2.597984,900.9808,35.09651546,1.143352841
39,Malaysia,EAS,East Asia and Pacific,EAP,East Asia and Pacific (excluding high income),UMC,Upper middle income,IBD,IBRD,2015,65.21,9648.68,31232798,8.098173,2.593878,918.7396,32.38537311,1.036902717
39,Malaysia,EAS,East Asia and Pacific,EAP,East Asia and Pacific (excluding high income),UMC,Upper middle income,IBD,IBRD,2016,65.3,9901.479,31789685,7.787693,2.608628,912.5606,36.16628694,1.137673649
39,Malaysia,EAS,East Asia and Pacific,EAP,East Asia and Pacific (excluding high income),UMC,Upper middle income,IBD,IBRD,2017,65.28,10293.76,32355644,7.351561,2.572455,952.1087,33.84576041,1.046054296
39,Malaysia,EAS,East Asia and Pacific,EAP,East Asia and Pacific (excluding high income),UMC,Upper middle income,IBD,IBRD,2018,65.37,10610.2,32910967,7.728767,2.479396,1017.068,34.39216857,1.045006322
39,Malaysia,EAS,East Asia and Pacific,EAP,East Asia and Pacific (excluding high income),UMC,Upper middle income,IBD,IBRD,2019,65.49,10902.98,33440596,7.631655,2.344619,1086.654,37.50484405,1.121536352
39,Malaysia,EAS,East Asia and Pacific,EAP,East Asia and Pacific (excluding high income),UMC,Upper middle income,IBD,IBRD,2020,67,10171.47,33889558,7.477035,2.052908,1091.866,31.13483744,0.918714769
39,Malaysia,EAS,East Asia and Pacific,EAP,East Asia and Pacific (excluding high income),UMC,Upper middle income,IBD,IBRD,2021,63.95,10388.27,34282399,7.5524,1.844773,1248.165,30.06248474,0.876907265
40,Mexico,LCN,Latin America and Caribbean,LAC,Latin America and Caribbean (excluding high income),UMC,Upper middle income,IBD,IBRD,2000,64.1,9581.97,98625552,4.022424,1.919495,496.7767,92.99083858,0.942867611
40,Mexico,LCN,Latin America and Caribbean,LAC,Latin America and Caribbean (excluding high income),UMC,Upper middle income,IBD,IBRD,2001,64.37,9398.351,100099099,3.943693,1.914368,537.87,92.14734438,0.920561177
40,Mexico,LCN,Latin America and Caribbean,LAC,Latin America and Caribbean (excluding high income),UMC,Upper middle income,IBD,IBRD,2002,64.41,9242.279,101548624,3.948183,1.863209,568.1495,87.55837943,0.862231077
40,Mexico,LCN,Latin America and Caribbean,LAC,Latin America and Caribbean (excluding high income),UMC,Upper middle income,IBD,IBRD,2003,64.45,9221.997,102978515,4.08524,1.818002,668.4396,90.48985483,0.878725575
40,Mexico,LCN,Latin America and Caribbean,LAC,Latin America and Caribbean (excluding high income),UMC,Upper middle income,IBD,IBRD,2004,64.76,9421.29,104394131,4.123198,1.78066,719.4072,95.20335505,0.911960798
40,Mexico,LCN,Latin America and Caribbean,LAC,Latin America and Caribbean (excluding high income),UMC,Upper middle income,IBD,IBRD,2005,64.69,9491.518,105811504,4.227226,1.75697,740.0674,103.1280317,0.974639125
40,Mexico,LCN,Latin America and Caribbean,LAC,Latin America and Caribbean (excluding high income),UMC,Upper middle income,IBD,IBRD,2006,64.98,9813.828,107253666,4.32537,1.756565,786.1924,99.49454703,0.927656375
40,Mexico,LCN,Latin America and Caribbean,LAC,Latin America and Caribbean (excluding high income),UMC,Upper middle income,IBD,IBRD,2007,65.1,9877.695,108774360,4.328613,1.80389,827.7566,103.7955635,0.954228216
40,Mexico,LCN,Latin America and Caribbean,LAC,Latin America and Caribbean (excluding high income),UMC,Upper middle income,IBD,IBRD,2008,64.76,9826.342,110374288,4.278767,1.852003,853.9444,106.9223222,0.96872491
40,Mexico,LCN,Latin America and Caribbean,LAC,Latin America and Caribbean (excluding high income),UMC,Upper middle income,IBD,IBRD,2009,64.77,9074.119,111999721,4.120959,1.847075,888.4441,102.0549692,0.911207352
40,Mexico,LCN,Latin America and Caribbean,LAC,Latin America and Caribbean (excluding high income),UMC,Upper middle income,IBD,IBRD,2010,64.65,9389.067,113623895,4.197386,1.819569,873.354,97.36757352,0.856928673
40,Mexico,LCN,Latin America and Caribbean,LAC,Latin America and Caribbean (excluding high income),UMC,Upper middle income,IBD,IBRD,2011,65,9575.935,115243504,4.221661,1.795016,915.3016,98.88479248,0.858050901
40,Mexico,LCN,Latin America and Caribbean,LAC,Latin America and Caribbean (excluding high income),UMC,Upper middle income,IBD,IBRD,2012,65.18,9782.518,116818208,4.333449,1.732845,976.1128,101.3962961,0.867983664
40,Mexico,LCN,Latin America and Caribbean,LAC,Latin America and Caribbean (excluding high income),UMC,Upper middle income,IBD,IBRD,2013,65.43,9738.711,118343573,4.174393,1.671583,1013.415,98.15839511,0.829435791
40,Mexico,LCN,Latin America and Caribbean,LAC,Latin America and Caribbean (excluding high income),UMC,Upper middle income,IBD,IBRD,2014,65.45,9862.481,119784261,4.014017,1.582905,1007.547,93.55782139,0.781052708
40,Mexico,LCN,Latin America and Caribbean,LAC,Latin America and Caribbean (excluding high income),UMC,Upper middle income,IBD,IBRD,2015,65.5,10021.24,121072306,4.04965,1.438536,1054.152,90.50526624,0.747530705
40,Mexico,LCN,Latin America and Caribbean,LAC,Latin America and Caribbean (excluding high income),UMC,Upper middle income,IBD,IBRD,2016,65.38,10100.5,122251351,4.059954,1.33674,1082.63,93.02368371,0.760921519
40,Mexico,LCN,Latin America and Caribbean,LAC,Latin America and Caribbean (excluding high income),UMC,Upper middle income,IBD,IBRD,2017,65.47,10193.77,123400057,4.056376,1.299004,1088.318,90.89654034,0.736600473
40,Mexico,LCN,Latin America and Caribbean,LAC,Latin America and Caribbean (excluding high income),UMC,Upper middle income,IBD,IBRD,2018,65.51,10296.87,124573711,3.821488,1.307801,1095.912,84.86842695,0.681270761
40,Mexico,LCN,Latin America and Caribbean,LAC,Latin America and Caribbean (excluding high income),UMC,Upper middle income,IBD,IBRD,2019,65.46,10159.45,125762982,3.858566,1.308799,1111.389,81.1092937,0.644937742
40,Mexico,LCN,Latin America and Caribbean,LAC,Latin America and Caribbean (excluding high income),UMC,Upper middle income,IBD,IBRD,2020,61.59,9234.644,126799054,3.373961,1.176589,1171.406,69.73996274,0.550003809
40,Mexico,LCN,Latin America and Caribbean,LAC,Latin America and Caribbean (excluding high income),UMC,Upper middle income,IBD,IBRD,2021,61.44,9728.057,127648148,3.547867,1.019809,1235.987,80.00823153,0.626787249
41,Morocco,MEA,Middle East and North Africa,MNA,Middle East and North Africa (excluding high income),LMC,Lower middle income,IBD,IBRD,2000,60.69,1957.141,28423435,1.180593,2.020804,143.2268,6.945,0.244340629
41,Morocco,MEA,Middle East and North Africa,MNA,Middle East and North Africa (excluding high income),LMC,Lower middle income,IBD,IBRD,2001,60.89,2078.966,28814643,1.283424,1.978208,160.2626,6.941,0.24088447
41,Morocco,MEA,Middle East and North Africa,MNA,Middle East and North Africa (excluding high income),LMC,Lower middle income,IBD,IBRD,2002,61.1,2127.507,29198142,1.310405,1.93151,176.7125,7.233,0.247721242
41,Morocco,MEA,Middle East and North Africa,MNA,Middle East and North Africa (excluding high income),LMC,Lower middle income,IBD,IBRD,2003,61.21,2229.576,29571415,1.288041,1.874148,189.8029,7.2229,0.244252769
41,Morocco,MEA,Middle East and North Africa,MNA,Middle East and North Africa (excluding high income),LMC,Lower middle income,IBD,IBRD,2004,61.32,2301.082,29953018,1.429318,1.882409,209.7771,8.613617,0.287570922
41,Morocco,MEA,Middle East and North Africa,MNA,Middle East and North Africa (excluding high income),LMC,Lower middle income,IBD,IBRD,2005,61.48,2342.155,30358144,1.470577,2.308713,228.5489,9.371918,0.308711824
41,Morocco,MEA,Middle East and North Africa,MNA,Middle East and North Africa (excluding high income),LMC,Lower middle income,IBD,IBRD,2006,61.64,2489.993,30771178,1.474334,2.382751,261.3065,9.488531,0.308357743
41,Morocco,MEA,Middle East and North Africa,MNA,Middle East and North Africa (excluding high income),LMC,Lower middle income,IBD,IBRD,2007,61.79,2540.615,31186468,1.475153,2.359658,289.846,9.91022,0.31777308
41,Morocco,MEA,Middle East and North Africa,MNA,Middle East and North Africa (excluding high income),LMC,Lower middle income,IBD,IBRD,2008,62.02,2648.586,31606767,1.564744,2.343977,309.7978,10.9229,0.345587386
41,Morocco,MEA,Middle East and North Africa,MNA,Middle East and North Africa (excluding high income),LMC,Lower middle income,IBD,IBRD,2009,62.24,2710.667,32030778,1.527909,2.322661,351.6697,11.025841,0.34422645
41,Morocco,MEA,Middle East and North Africa,MNA,Middle East and North Africa (excluding high income),LMC,Lower middle income,IBD,IBRD,2010,62.42,2767.042,32467016,1.602448,2.333088,375.7897,12.264284,0.377745956
41,Morocco,MEA,Middle East and North Africa,MNA,Middle East and North Africa (excluding high income),LMC,Lower middle income,IBD,IBRD,2011,62.59,2879.539,32912588,1.70948,2.328763,394.3302,13.12963,0.398924266
41,Morocco,MEA,Middle East and North Africa,MNA,Middle East and North Africa (excluding high income),LMC,Lower middle income,IBD,IBRD,2012,62.76,2927.45,33355241,1.754885,2.289066,395.8974,13.197662,0.395669814
41,Morocco,MEA,Middle East and North Africa,MNA,Middle East and North Africa (excluding high income),LMC,Lower middle income,IBD,IBRD,2013,62.92,3008.186,33787571,1.730734,2.226878,398.3868,13.380124,0.396007277
41,Morocco,MEA,Middle East and North Africa,MNA,Middle East and North Africa (excluding high income),LMC,Lower middle income,IBD,IBRD,2014,63.06,3051.459,34204780,1.737988,2.15425,393.1182,12.662456,0.370195511
41,Morocco,MEA,Middle East and North Africa,MNA,Middle East and North Africa (excluding high income),LMC,Lower middle income,IBD,IBRD,2015,63.18,3146.248,34607588,1.766402,2.084322,397.8895,12.3700786,0.357438334
41,Morocco,MEA,Middle East and North Africa,MNA,Middle East and North Africa (excluding high income),LMC,Lower middle income,IBD,IBRD,2016,63.31,3124.425,35023457,1.741576,2.096542,398.3239,12.628,0.360558354
41,Morocco,MEA,Middle East and North Africa,MNA,Middle East and North Africa (excluding high income),LMC,Lower middle income,IBD,IBRD,2017,63.42,3242.644,35446392,1.801216,2.089468,401.9222,13.35664,0.376812399
41,Morocco,MEA,Middle East and North Africa,MNA,Middle East and North Africa (excluding high income),LMC,Lower middle income,IBD,IBRD,2018,63.49,3304.712,35839760,1.818726,1.980129,415.8433,13.02766836,0.363497645
41,Morocco,MEA,Middle East and North Africa,MNA,Middle East and North Africa (excluding high income),LMC,Lower middle income,IBD,IBRD,2019,63.6,3364.74,36210898,1.984317,1.892745,435.4482,13.21656193,0.364988516
41,Morocco,MEA,Middle East and North Africa,MNA,Middle East and North Africa (excluding high income),LMC,Lower middle income,IBD,IBRD,2020,62.38,3090.894,36584208,1.846873,1.876078,453.6002,11.50283274,0.314420712
41,Morocco,MEA,Middle East and North Africa,MNA,Middle East and North Africa (excluding high income),LMC,Lower middle income,IBD,IBRD,2021,62.34,3309.131,36954442,1.978826,1.842365,500.6959,13.07975346,0.353942659
42,Netherlands,ECS,Europe and Central Asia,,,HIC,High income,LNX,Not classified,2000,68.1,40665.34,15925513,11.10888,1.715922,2466.117,40.8023699,2.562075702
42,Netherlands,ECS,Europe and Central Asia,,,HIC,High income,LNX,Not classified,2001,68.26,41297.32,16046180,11.31243,2.093581,2684.822,42.7938234,2.666916574
42,Netherlands,ECS,Europe and Central Asia,,,HIC,High income,LNX,Not classified,2002,68.33,41135.42,16148929,11.26413,2.273314,2987.458,42.87340823,2.65487626
42,Netherlands,ECS,Europe and Central Asia,,,HIC,High income,LNX,Not classified,2003,68.51,40981.85,16225302,11.3616,2.012104,3099.207,42.85386397,2.641175121
42,Netherlands,ECS,Europe and Central Asia,,,HIC,High income,LNX,Not classified,2004,68.94,41663.15,16281779,11.47331,1.796943,3267.404,44.84739194,2.754452811
42,Netherlands,ECS,Europe and Central Asia,,,HIC,High income,LNX,Not classified,2005,69.12,42411.34,16319868,11.16432,1.593469,3425.683,47.65787601,2.92023661
42,Netherlands,ECS,Europe and Central Asia,,,HIC,High income,LNX,Not classified,2006,69.4,43841.12,16346101,10.87382,1.370737,3726.968,47.5536367,2.909173062
42,Netherlands,ECS,Europe and Central Asia,,,HIC,High income,LNX,Not classified,2007,69.71,45445.52,16381696,10.92162,1.291414,3984.45,48.73081729,2.974711366
42,Netherlands,ECS,Europe and Central Asia,,,HIC,High income,LNX,Not classified,2008,69.82,46227.21,16445593,10.94466,1.404945,4316.769,46.34270849,2.817940861
42,Netherlands,ECS,Europe and Central Asia,,,HIC,High income,LNX,Not classified,2009,70.03,44304.41,16530388,10.5733,1.546387,4464.455,44.18200058,2.672774564
42,Netherlands,ECS,Europe and Central Asia,,,HIC,High income,LNX,Not classified,2010,70.14,44659.27,16615394,11.20488,1.488584,4584.604,46.687347,2.809885038
42,Netherlands,ECS,Europe and Central Asia,,,HIC,High income,LNX,Not classified,2011,70.32,45239.73,16693074,10.4313,1.317806,4779.42,46.745561,2.800296758
42,Netherlands,ECS,Europe and Central Asia,,,HIC,High income,LNX,Not classified,2012,70.22,44631.88,16754962,10.24433,1.173607,4989.33,45.642453,2.724115578
42,Netherlands,ECS,Europe and Central Asia,,,HIC,High income,LNX,Not classified,2013,70.33,44487.03,16804432,10.08082,0.9687086,5219.263,43.426664,2.584238729
42,Netherlands,ECS,Europe and Central Asia,,,HIC,High income,LNX,Not classified,2014,70.52,45042.07,16865008,9.593141,0.9222279,5213.535,42.449909,2.517040549
42,Netherlands,ECS,Europe and Central Asia,,,HIC,High income,LNX,Not classified,2015,70.39,45793.81,16939923,10.00108,0.9802962,5203.804,41.456991,2.447295126
42,Netherlands,ECS,Europe and Central Asia,,,HIC,High income,LNX,Not classified,2016,70.41,46655.04,17030314,10.03106,1.043217,5274.394,42.357325,2.487172286
42,Netherlands,ECS,Europe and Central Asia,,,HIC,High income,LNX,Not classified,2017,70.54,47670.11,17131296,9.81196,1.077686,5584.754,42.649864,2.489587711
42,Netherlands,ECS,Europe and Central Asia,,,HIC,High income,LNX,Not classified,2018,70.79,48463.03,17231624,9.460565,1.036375,5811.235,41.463699,2.406256021
42,Netherlands,ECS,Europe and Central Asia,,,HIC,High income,LNX,Not classified,2019,71.08,49254.02,17344874,9.101271,1.076084,6217.205,40.542908,2.337457626
42,Netherlands,ECS,Europe and Central Asia,,,HIC,High income,LNX,Not classified,2020,70.2,47086.58,17441500,8.135201,0.9466107,6867.401,38.504351,2.207628415
42,Netherlands,ECS,Europe and Central Asia,,,HIC,High income,LNX,Not classified,2021,69.97,49780.84,17533044,8.345082,0.8871081,7555.655,38.527499,2.197422136
43,New Zealand,EAS,East Asia and Pacific,,,HIC,High income,LNX,Not classified,2000,67.27,30848.19,3857700,8.526169,0.6806132,1606.154,6.181306433,1.60232948
43,New Zealand,EAS,East Asia and Pacific,,,HIC,High income,LNX,Not classified,2001,67.23,31713.13,3880500,8.971344,0.6811004,1701.916,6.235800011,1.606957869
43,New Zealand,EAS,East Asia and Pacific,,,HIC,High income,LNX,Not classified,2002,67.39,32636.14,3948500,8.841585,1.80798,1840.083,6.422073414,1.626459013
43,New Zealand,EAS,East Asia and Pacific,,,HIC,High income,LNX,Not classified,2003,67.7,33511.55,4027200,8.898217,2.043171,1854.355,6.819101462,1.693261189
43,New Zealand,EAS,East Asia and Pacific,,,HIC,High income,LNX,Not classified,2004,67.8,34367.01,4087500,8.668599,1.55579,1984.608,6.694200821,1.637724971
43,New Zealand,EAS,East Asia and Pacific,,,HIC,High income,LNX,Not classified,2005,68.36,35120.73,4133900,8.73427,1.198297,2123.814,7.078938912,1.712411745
43,New Zealand,EAS,East Asia and Pacific,,,HIC,High income,LNX,Not classified,2006,68.36,35659.6,4184600,8.655619,1.287273,2398.172,7.109557459,1.698981374
43,New Zealand,EAS,East Asia and Pacific,,,HIC,High income,LNX,Not classified,2007,68.48,36406.14,4223800,8.288673,0.8629524,2445.176,7.139292306,1.690253399
43,New Zealand,EAS,East Asia and Pacific,,,HIC,High income,LNX,Not classified,2008,68.7,35651.02,4259800,8.476947,0.7791704,2720.085,7.231864538,1.697700488
43,New Zealand,EAS,East Asia and Pacific,,,HIC,High income,LNX,Not classified,2009,68.92,35278.04,4302600,7.748896,0.9301823,2950.766,6.905469504,1.604952704
43,New Zealand,EAS,East Asia and Pacific,,,HIC,High income,LNX,Not classified,2010,69.19,35392.02,4350700,7.669662,1.042102,2996.311,6.971468337,1.602378545
43,New Zealand,EAS,East Asia and Pacific,,,HIC,High income,LNX,Not classified,2011,69.05,35910.42,4384000,7.444526,0.6928208,3114.053,7.147313669,1.630317899
43,New Zealand,EAS,East Asia and Pacific,,,HIC,High income,LNX,Not classified,2012,69.27,36531.75,4408100,7.874708,0.6190425,3181.359,7.053623098,1.600150427
43,New Zealand,EAS,East Asia and Pacific,,,HIC,High income,LNX,Not classified,2013,69.44,37252.76,4442100,7.769703,0.8379608,3383.429,7.13515074,1.606256217
43,New Zealand,EAS,East Asia and Pacific,,,HIC,High income,LNX,Not classified,2014,69.3,38014.64,4516500,7.797675,1.730568,3501.178,7.275028235,1.610766796
43,New Zealand,EAS,East Asia and Pacific,,,HIC,High income,LNX,Not classified,2015,69.37,38639.35,4609400,7.66193,2.105558,3475.914,7.572001782,1.64273046
43,New Zealand,EAS,East Asia and Pacific,,,HIC,High income,LNX,Not classified,2016,69.67,39197.33,4714100,7.354808,2.314334,3690.853,7.83607388,1.662262973
43,New Zealand,EAS,East Asia and Pacific,,,HIC,High income,LNX,Not classified,2017,69.27,39691.21,4813600,7.520047,2.165083,3786.382,8.205638208,1.704678039
43,New Zealand,EAS,East Asia and Pacific,,,HIC,High income,LNX,Not classified,2018,69.71,40350.91,4900600,7.313553,1.874479,3841.672,8.219692168,1.677282816
43,New Zealand,EAS,East Asia and Pacific,,,HIC,High income,LNX,Not classified,2019,69.74,40651.97,4979200,7.491685,1.680101,4288.513,8.443117303,1.695677479
43,New Zealand,EAS,East Asia and Pacific,,,HIC,High income,LNX,Not classified,2020,70.19,39596.53,5090200,6.926643,2.301713,4567.362,6.979485413,1.371161332
43,New Zealand,EAS,East Asia and Pacific,,,HIC,High income,LNX,Not classified,2021,69.98,41225.79,5111300,6.900319,0.5174266,4824.225,6.955604659,1.360828881
44,North Macedonia,ECS,Europe and Central Asia,ECA,Europe and Central Asia (excluding high income),UMC,Upper middle income,IBD,IBRD,2000,63.9,3283.379,2026350,4.459842,0.0990893,537.5319,0.961940496,0.474715867
44,North Macedonia,ECS,Europe and Central Asia,ECA,Europe and Central Asia (excluding high income),UMC,Upper middle income,IBD,IBRD,2001,64.13,3169.325,2034882,4.531565,0.0626075,499.5177,0.795249833,0.39080882
44,North Macedonia,ECS,Europe and Central Asia,ECA,Europe and Central Asia (excluding high income),UMC,Upper middle income,IBD,IBRD,2002,63.91,3240.111,2020157,4.301547,-1.085193,569.9822,0.896133734,0.443596084
44,North Macedonia,ECS,Europe and Central Asia,ECA,Europe and Central Asia (excluding high income),UMC,Upper middle income,IBD,IBRD,2003,64.18,3307.92,2022725,4.667861,-0.2330876,578.5906,0.864893682,0.427588368
44,North Macedonia,ECS,Europe and Central Asia,ECA,Europe and Central Asia (excluding high income),UMC,Upper middle income,IBD,IBRD,2004,64.5,3473.765,2016186,4.563518,-0.6870695,591.4082,0.883296576,0.438102722
44,North Macedonia,ECS,Europe and Central Asia,ECA,Europe and Central Asia (excluding high income),UMC,Upper middle income,IBD,IBRD,2005,64.61,3657.563,2005330,4.818608,-0.8505761,587.4499,0.914887832,0.456228068
44,North Macedonia,ECS,Europe and Central Asia,ECA,Europe and Central Asia (excluding high income),UMC,Upper middle income,IBD,IBRD,2006,64.68,3866.747,1994287,4.837318,-0.8114616,626.5587,0.968390986,0.48558256
44,North Macedonia,ECS,Europe and Central Asia,ECA,Europe and Central Asia (excluding high income),UMC,Upper middle income,IBD,IBRD,2007,64.58,4140.634,1982933,5.225139,-0.7785506,603.2151,1.044031012,0.526508466
44,North Macedonia,ECS,Europe and Central Asia,ECA,Europe and Central Asia (excluding high income),UMC,Upper middle income,IBD,IBRD,2008,65.09,4392.551,1971493,5.144426,-0.7341679,681.5509,0.943606493,0.478625333
44,North Macedonia,ECS,Europe and Central Asia,ECA,Europe and Central Asia (excluding high income),UMC,Upper middle income,IBD,IBRD,2009,65.31,4405.201,1958782,4.656618,-0.7482674,715.2983,0.957752244,0.488952953
44,North Macedonia,ECS,Europe and Central Asia,ECA,Europe and Central Asia (excluding high income),UMC,Upper middle income,IBD,IBRD,2010,65.51,4582.365,1946298,4.714077,-0.6884579,763.9172,0.936018442,0.48092247
44,North Macedonia,ECS,Europe and Central Asia,ECA,Europe and Central Asia (excluding high income),UMC,Upper middle income,IBD,IBRD,2011,65.63,4711.13,1937398,5.287401,-0.4530905,768.8066,0.971569359,0.501481554
44,North Macedonia,ECS,Europe and Central Asia,ECA,Europe and Central Asia (excluding high income),UMC,Upper middle income,IBD,IBRD,2012,65.63,4708.052,1929821,4.985022,-0.3340718,801.3065,0.940360962,0.487278852
44,North Macedonia,ECS,Europe and Central Asia,ECA,Europe and Central Asia (excluding high income),UMC,Upper middle income,IBD,IBRD,2013,65.99,4863.681,1922716,4.575091,-0.2568585,876.7457,0.91722106,0.477044483
44,North Macedonia,ECS,Europe and Central Asia,ECA,Europe and Central Asia (excluding high income),UMC,Upper middle income,IBD,IBRD,2014,65.89,5053.75,1917557,4.355229,-0.1027281,874.4984,0.910760665,0.474958849
44,North Macedonia,ECS,Europe and Central Asia,ECA,Europe and Central Asia (excluding high income),UMC,Upper middle income,IBD,IBRD,2015,65.96,5262.687,1912430,4.150479,-0.0514492,920.7964,0.972556708,0.508544997
44,North Macedonia,ECS,Europe and Central Asia,ECA,Europe and Central Asia (excluding high income),UMC,Upper middle income,IBD,IBRD,2016,66.13,5429.947,1906313,3.999763,-0.0507466,1020.482,1.080861274,0.566990454
44,North Macedonia,ECS,Europe and Central Asia,ECA,Europe and Central Asia (excluding high income),UMC,Upper middle income,IBD,IBRD,2017,66.47,5510.819,1898657,4.205815,-0.0815948,1080.98,1.022276326,0.53842075
44,North Macedonia,ECS,Europe and Central Asia,ECA,Europe and Central Asia (excluding high income),UMC,Upper middle income,IBD,IBRD,2018,66.83,5698.394,1889051,3.995657,-0.1355306,1172.945,1.070647634,0.566764812
44,North Macedonia,ECS,Europe and Central Asia,ECA,Europe and Central Asia (excluding high income),UMC,Upper middle income,IBD,IBRD,2019,66.65,5961.585,1876262,4.628032,-0.2575117,1412.934,1.072355409,0.571538201
44,North Macedonia,ECS,Europe and Central Asia,ECA,Europe and Central Asia (excluding high income),UMC,Upper middle income,IBD,IBRD,2020,65.09,5743.727,1856124,4.087011,-0.6095628,1530.407,1.012254281,0.54535919
44,North Macedonia,ECS,Europe and Central Asia,ECA,Europe and Central Asia (excluding high income),UMC,Upper middle income,IBD,IBRD,2021,63.71,6064.923,1837114,4.166209,-0.5109309,1869.207,1.093704603,0.595338451
45,Norway,ECS,Europe and Central Asia,,,HIC,High income,LNX,Not classified,2000,67.83,67846.59,4490967,9.300692,1.244074,2856.894,9.12066,2.030890007
45,Norway,ECS,Europe and Central Asia,,,HIC,High income,LNX,Not classified,2001,68.01,68899.52,4513751,9.367575,0.9758811,3037.299,9.550517,2.115871478
45,Norway,ECS,Europe and Central Asia,,,HIC,High income,LNX,Not classified,2002,68.13,69472.98,4538159,9.163054,1.003013,3429.116,9.476655,2.088215728
45,Norway,ECS,Europe and Central Asia,,,HIC,High income,LNX,Not classified,2003,68.54,69719.31,4564855,9.736344,1.042912,3566.345,9.821346,2.151513246
45,Norway,ECS,Europe and Central Asia,,,HIC,High income,LNX,Not classified,2004,68.86,72090.98,4591910,9.775888,0.9987267,3765.356,9.434593,2.054611915
45,Norway,ECS,Europe and Central Asia,,,HIC,High income,LNX,Not classified,2005,69.05,73524.26,4623291,9.368326,1.037036,3995.396,9.560793,2.067962627
45,Norway,ECS,Europe and Central Asia,,,HIC,High income,LNX,Not classified,2006,69.23,74729.73,4660677,9.443156,1.158822,4304.436,9.790785,2.100721633
45,Norway,ECS,Europe and Central Asia,,,HIC,High income,LNX,Not classified,2007,69.31,76115.7,4709153,9.535686,1.398407,4530.867,10.046239,2.133343087
45,Norway,ECS,Europe and Central Asia,,,HIC,High income,LNX,Not classified,2008,69.42,75535.21,4768212,9.878819,1.618867,4945.3,9.543401,2.001463232
45,Norway,ECS,Europe and Central Asia,,,HIC,High income,LNX,Not classified,2009,69.62,73141.3,4828726,9.345053,1.628476,5054.629,9.428402,1.952565128
45,Norway,ECS,Europe and Central Asia,,,HIC,High income,LNX,Not classified,2010,69.74,72804.4,4889252,9.814282,1.609156,5190.125,9.971343,2.039441411
45,Norway,ECS,Europe and Central Asia,,,HIC,High income,LNX,Not classified,2011,69.84,72660.67,4953088,9.476593,1.742457,5492.077,9.663093,1.950922939
45,Norway,ECS,Europe and Central Asia,,,HIC,High income,LNX,Not classified,2012,70.13,73661.68,5018573,9.243484,1.8394,5774.392,9.663706,1.925588409
45,Norway,ECS,Europe and Central Asia,,,HIC,High income,LNX,Not classified,2013,70.33,73515.91,5079623,9.22848,1.723625,6012.884,9.78915,1.92714105
45,Norway,ECS,Europe and Central Asia,,,HIC,High income,LNX,Not classified,2014,70.68,74180.32,5137232,9.146911,1.632152,6191.587,9.492823,1.847847829
45,Norway,ECS,Europe and Central Asia,,,HIC,High income,LNX,Not classified,2015,70.85,74809.97,5188607,9.242134,1.488338,6143.259,9.651764,1.860184053
45,Norway,ECS,Europe and Central Asia,,,HIC,High income,LNX,Not classified,2016,70.91,75017.49,5234519,9.049676,1.365679,6267.085,9.354093,1.787001442
45,Norway,ECS,Europe and Central Asia,,,HIC,High income,LNX,Not classified,2017,71.04,76247.41,5276968,8.983928,1.280246,6630.842,9.296327,1.761679624
45,Norway,ECS,Europe and Central Asia,,,HIC,High income,LNX,Not classified,2018,71.06,76373.63,5311916,8.839315,1.119533,7019.084,9.566768,1.801001371
45,Norway,ECS,Europe and Central Asia,,,HIC,High income,LNX,Not classified,2019,71.18,76712.29,5347896,8.553551,1.121489,7432.085,9.148134,1.71060432
45,Norway,ECS,Europe and Central Asia,,,HIC,High income,LNX,Not classified,2020,71.2,75287.2,5379475,8.275175,1.021155,7683.816,8.480119,1.576384127
45,Norway,ECS,Europe and Central Asia,,,HIC,High income,LNX,Not classified,2021,71.16,77812.71,5408320,8.339244,0.9544841,8782.748,8.707311,1.609984431
46,Pakistan,SAS,South Asia,SAS,South Asia (excluding high income),LMC,Lower middle income,IDB,Blend,2000,53.19,1049.542,154879127,0.7222807,3.429946,63.62946,18.834,0.121604508
46,Pakistan,SAS,South Asia,SAS,South Asia (excluding high income),LMC,Lower middle income,IDB,Blend,2001,53.42,1057.868,159270907,0.7154351,3.394691,61.84662,18.461,0.11590943
46,Pakistan,SAS,South Asia,SAS,South Asia (excluding high income),LMC,Lower middle income,IDB,Blend,2002,53.63,1059.042,163222549,0.6941988,3.051767,65.10028,17.982,0.110168602
46,Pakistan,SAS,South Asia,SAS,South Asia (excluding high income),LMC,Lower middle income,IDB,Blend,2003,53.82,1090.275,167110248,0.7029383,2.951289,59.36465,15.902,0.095158736
46,Pakistan,SAS,South Asia,SAS,South Asia (excluding high income),LMC,Lower middle income,IDB,Blend,2004,54.07,1146.996,171286000,0.7671987,3.064878,62.07737,16.042,0.093656224
46,Pakistan,SAS,South Asia,SAS,South Asia (excluding high income),LMC,Lower middle income,IDB,Blend,2005,53.7,1201.234,175453212,0.7631186,2.99702,78.13232,15.24015336,0.086861638
46,Pakistan,SAS,South Asia,SAS,South Asia (excluding high income),LMC,Lower middle income,IDB,Blend,2006,54.57,1243.941,179682690,0.8085454,2.974677,95.99154,17.57719338,0.097823521
46,Pakistan,SAS,South Asia,SAS,South Asia (excluding high income),LMC,Lower middle income,IDB,Blend,2007,54.83,1265.356,184493231,0.8777303,3.234119,96.3316,19.14221714,0.103755661
46,Pakistan,SAS,South Asia,SAS,South Asia (excluding high income),LMC,Lower middle income,IDB,Blend,2008,55.05,1258.052,189499113,0.8250577,3.265761,95.54245,19.41677221,0.102463657
46,Pakistan,SAS,South Asia,SAS,South Asia (excluding high income),LMC,Lower middle income,IDB,Blend,2009,55.27,1269.074,194376534,0.8233808,3.126442,94.4248,20.7490668,0.106746768
46,Pakistan,SAS,South Asia,SAS,South Asia (excluding high income),LMC,Lower middle income,IDB,Blend,2010,55.45,1256.695,199239047,0.7811079,3.05543,91.96713,20.54798977,0.103132343
46,Pakistan,SAS,South Asia,SAS,South Asia (excluding high income),LMC,Lower middle income,IDB,Blend,2011,55.77,1261.832,203746065,0.7617811,2.820966,86.5621,20.67742404,0.10148625
46,Pakistan,SAS,South Asia,SAS,South Asia (excluding high income),LMC,Lower middle income,IDB,Blend,2012,56,1275.488,207667125,0.7564057,2.489688,89.75593,19.99085019,0.096263914
46,Pakistan,SAS,South Asia,SAS,South Asia (excluding high income),LMC,Lower middle income,IDB,Blend,2013,56.24,1309.701,211073978,0.7616742,2.20452,100.5181,21.90995633,0.103802262
46,Pakistan,SAS,South Asia,SAS,South Asia (excluding high income),LMC,Lower middle income,IDB,Blend,2014,56.48,1343.308,214264647,0.789553,2.077098,106.8009,22.64943678,0.105707764
46,Pakistan,SAS,South Asia,SAS,South Asia (excluding high income),LMC,Lower middle income,IDB,Blend,2015,56.74,1380.47,217290883,0.820351,1.978744,111.018,24.58451687,0.113141042
46,Pakistan,SAS,South Asia,SAS,South Asia (excluding high income),LMC,Lower middle income,IDB,Blend,2016,57.02,1452.187,220138869,0.8938372,1.877864,118.0092,27.47153421,0.124791839
46,Pakistan,SAS,South Asia,SAS,South Asia (excluding high income),LMC,Lower middle income,IDB,Blend,2017,57.28,1495.262,223273967,0.9551786,1.986505,132.0894,28.29702995,0.126736808
46,Pakistan,SAS,South Asia,SAS,South Asia (excluding high income),LMC,Lower middle income,IDB,Blend,2018,57.56,1561.682,226928892,0.8913938,2.236509,143.4104,23.45811921,0.103372114
46,Pakistan,SAS,South Asia,SAS,South Asia (excluding high income),LMC,Lower middle income,IDB,Blend,2019,57.8,1573.833,230800899,0.862095,2.347005,148.1031,20.65284228,0.08948337
46,Pakistan,SAS,South Asia,SAS,South Asia (excluding high income),LMC,Lower middle income,IDB,Blend,2020,56.87,1526.006,235001746,0.9466819,2.500374,150.8593,20.06188082,0.085369071
46,Pakistan,SAS,South Asia,SAS,South Asia (excluding high income),LMC,Lower middle income,IDB,Blend,2021,56.89,1595.028,239477801,0.9885831,2.623997,166.8557,23.33028296,0.097421485
47,Peru,LCN,Latin America and Caribbean,LAC,Latin America and Caribbean (excluding high income),UMC,Upper middle income,IBD,IBRD,2000,65.42,3286.273,26598331,1.089696,2.124708,215.4563,7.373,0.277197844
47,Peru,LCN,Latin America and Caribbean,LAC,Latin America and Caribbean (excluding high income),UMC,Upper middle income,IBD,IBRD,2001,66.1,3261.664,26964601,0.9989504,1.921951,235.4614,6.974,0.258635386
47,Peru,LCN,Latin America and Caribbean,LAC,Latin America and Caribbean (excluding high income),UMC,Upper middle income,IBD,IBRD,2002,66.29,3398.75,27288217,1.029704,1.73884,261.7604,6.899977038,0.252855547
47,Peru,LCN,Latin America and Caribbean,LAC,Latin America and Caribbean (excluding high income),UMC,Upper middle income,IBD,IBRD,2003,66.49,3502.792,27580490,0.9988945,1.604195,258.5426,6.512564212,0.236129388
47,Peru,LCN,Latin America and Caribbean,LAC,Latin America and Caribbean (excluding high income),UMC,Upper middle income,IBD,IBRD,2004,67.02,3640.603,27852190,1.142352,1.510881,264.7821,7.296458094,0.261970714
47,Peru,LCN,Latin America and Caribbean,LAC,Latin America and Caribbean (excluding high income),UMC,Upper middle income,IBD,IBRD,2005,67.46,3835.132,28101180,1.132899,1.411114,298.5896,7.130866896,0.253756849
47,Peru,LCN,Latin America and Caribbean,LAC,Latin America and Caribbean (excluding high income),UMC,Upper middle income,IBD,IBRD,2006,67.92,4091.363,28324491,1.111596,1.305968,313.7226,6.782501315,0.23945713
47,Peru,LCN,Latin America and Caribbean,LAC,Latin America and Caribbean (excluding high income),UMC,Upper middle income,IBD,IBRD,2007,68.4,4407.791,28530699,1.204699,1.230597,353.2367,7.042231254,0.246829959
47,Peru,LCN,Latin America and Caribbean,LAC,Latin America and Caribbean (excluding high income),UMC,Upper middle income,IBD,IBRD,2008,68.59,4778.526,28719041,1.357601,0.985912,401.927,7.88628749,0.274601352
47,Peru,LCN,Latin America and Caribbean,LAC,Latin America and Caribbean (excluding high income),UMC,Upper middle income,IBD,IBRD,2009,68.07,4801.171,28896811,1.452392,0.8652967,446.0173,7.98753773,0.27641589
47,Peru,LCN,Latin America and Caribbean,LAC,Latin America and Caribbean (excluding high income),UMC,Upper middle income,IBD,IBRD,2010,68.18,5167.393,29086019,1.576063,0.9002253,462.29,8.392822095,0.288551764
47,Peru,LCN,Latin America and Caribbean,LAC,Latin America and Caribbean (excluding high income),UMC,Upper middle income,IBD,IBRD,2011,68.53,5453.457,29304086,1.678015,0.9913077,472.0722,9.245558492,0.315504073
47,Peru,LCN,Latin America and Caribbean,LAC,Latin America and Caribbean (excluding high income),UMC,Upper middle income,IBD,IBRD,2012,68.84,5740.043,29550366,1.662027,1.080688,510.1233,9.172670893,0.31040803
47,Peru,LCN,Latin America and Caribbean,LAC,Latin America and Caribbean (excluding high income),UMC,Upper middle income,IBD,IBRD,2013,69.21,6021.461,29817919,1.687432,1.141924,536.5901,9.596347912,0.321831578
47,Peru,LCN,Latin America and Caribbean,LAC,Latin America and Caribbean (excluding high income),UMC,Upper middle income,IBD,IBRD,2014,69.62,6103.918,30115826,1.767954,1.232836,573.0123,9.42852804,0.313075525
47,Peru,LCN,Latin America and Caribbean,LAC,Latin America and Caribbean (excluding high income),UMC,Upper middle income,IBD,IBRD,2015,69.88,6231.711,30457600,1.802253,1.366619,577.0529,10.06024844,0.330303387
47,Peru,LCN,Latin America and Caribbean,LAC,Latin America and Caribbean (excluding high income),UMC,Upper middle income,IBD,IBRD,2016,69.78,6392.255,30866494,1.862576,1.568566,602.7634,10.67281131,0.345773359
47,Peru,LCN,Latin America and Caribbean,LAC,Latin America and Caribbean (excluding high income),UMC,Upper middle income,IBD,IBRD,2017,69.19,6457.419,31324637,1.762386,1.706524,619.7663,10.85626885,0.346572854
47,Peru,LCN,Latin America and Caribbean,LAC,Latin America and Caribbean (excluding high income),UMC,Upper middle income,IBD,IBRD,2018,68.93,6593.145,31897584,1.734843,2.052855,682.3406,11.18600595,0.350685054
47,Peru,LCN,Latin America and Caribbean,LAC,Latin America and Caribbean (excluding high income),UMC,Upper middle income,IBD,IBRD,2019,68.41,6626.261,32449303,1.792319,1.961012,702.303,11.5201854,0.355021043
47,Peru,LCN,Latin America and Caribbean,LAC,Latin America and Caribbean (excluding high income),UMC,Upper middle income,IBD,IBRD,2020,63.9,5831.83,32838579,1.447018,1.445708,778.5482,8.739556704,0.266136872
47,Peru,LCN,Latin America and Caribbean,LAC,Latin America and Caribbean (excluding high income),UMC,Upper middle income,IBD,IBRD,2021,62.99,6547.42,33155882,1.606614,1.220545,949.8308,10.83559374,0.326807585
48,Philippines,EAS,East Asia and Pacific,EAP,East Asia and Pacific (excluding high income),LMC,Lower middle income,IBD,IBRD,2000,61.25,1793.348,79625397,0.9324412,2.195195,102.8093,16.50751081,0.207314644
48,Philippines,EAS,East Asia and Pacific,EAP,East Asia and Pacific (excluding high income),LMC,Lower middle income,IBD,IBRD,2001,61.03,1807.709,81401488,0.8804839,2.021633,98.77495,16.40937461,0.201585684
48,Philippines,EAS,East Asia and Pacific,EAP,East Asia and Pacific (excluding high income),LMC,Lower middle income,IBD,IBRD,2002,60.94,1837.254,83068889,0.8778413,1.842918,94.43254,15.5448767,0.187132353
48,Philippines,EAS,East Asia and Pacific,EAP,East Asia and Pacific (excluding high income),LMC,Lower middle income,IBD,IBRD,2003,61.06,1892.822,84731835,0.882267,1.797019,115.7191,15.45049015,0.182345752
48,Philippines,EAS,East Asia and Pacific,EAP,East Asia and Pacific (excluding high income),LMC,Lower middle income,IBD,IBRD,2004,60.95,1978.345,86394504,0.8758404,1.757829,122.9921,15.76163655,0.182437954
48,Philippines,EAS,East Asia and Pacific,EAP,East Asia and Pacific (excluding high income),LMC,Lower middle income,IBD,IBRD,2005,61.03,2037.878,88015962,0.8960204,1.67363,160.5005,14.5094229,0.164849904
48,Philippines,EAS,East Asia and Pacific,EAP,East Asia and Pacific (excluding high income),LMC,Lower middle income,IBD,IBRD,2006,60.92,2110.42,89508986,0.7926824,1.495957,172.9496,13.280441,0.148369919
48,Philippines,EAS,East Asia and Pacific,EAP,East Asia and Pacific (excluding high income),LMC,Lower middle income,IBD,IBRD,2007,61.21,2209.346,91075184,0.8447933,1.548159,184.7462,13.77454693,0.15124369
48,Philippines,EAS,East Asia and Pacific,EAP,East Asia and Pacific (excluding high income),LMC,Lower middle income,IBD,IBRD,2008,61.21,2264.946,92699095,0.8386285,1.580512,198.6842,13.14427677,0.141795093
48,Philippines,EAS,East Asia and Pacific,EAP,East Asia and Pacific (excluding high income),LMC,Lower middle income,IBD,IBRD,2009,61.1,2256.726,94384250,0.8330161,1.61658,214.7737,13.7698106,0.145890979
48,Philippines,EAS,East Asia and Pacific,EAP,East Asia and Pacific (excluding high income),LMC,Lower middle income,IBD,IBRD,2010,61.34,2373.143,96337125,0.8817504,1.961961,226.7322,14.35425752,0.149000269
48,Philippines,EAS,East Asia and Pacific,EAP,East Asia and Pacific (excluding high income),LMC,Lower middle income,IBD,IBRD,2011,61.43,2416.752,98248614,0.8607165,2.382991,229.6544,13.52707563,0.137682101
48,Philippines,EAS,East Asia and Pacific,EAP,East Asia and Pacific (excluding high income),LMC,Lower middle income,IBD,IBRD,2012,61.28,2533.741,100175512,0.8932163,2.358774,255.2449,14.07672706,0.14052064
48,Philippines,EAS,East Asia and Pacific,EAP,East Asia and Pacific (excluding high income),LMC,Lower middle income,IBD,IBRD,2013,61.21,2654.415,102076336,0.9547982,2.29668,273.8412,14.702955,0.14403882
48,Philippines,EAS,East Asia and Pacific,EAP,East Asia and Pacific (excluding high income),LMC,Lower middle income,IBD,IBRD,2014,61.51,2776.92,103767130,1.002138,2.055893,249.6883,15.58747178,0.15021589
48,Philippines,EAS,East Asia and Pacific,EAP,East Asia and Pacific (excluding high income),LMC,Lower middle income,IBD,IBRD,2015,61.32,2909.858,105312992,1.074529,1.892277,271.6478,17.76589036,0.168696094
48,Philippines,EAS,East Asia and Pacific,EAP,East Asia and Pacific (excluding high income),LMC,Lower middle income,IBD,IBRD,2016,61.09,3076.337,106735719,1.136203,1.753727,295.9031,19.01577893,0.178157594
48,Philippines,EAS,East Asia and Pacific,EAP,East Asia and Pacific (excluding high income),LMC,Lower middle income,IBD,IBRD,2017,61.39,3247.45,108119693,1.254373,1.732714,312.8554,20.33927676,0.188118151
48,Philippines,EAS,East Asia and Pacific,EAP,East Asia and Pacific (excluding high income),LMC,Lower middle income,IBD,IBRD,2018,61.43,3410.937,109465287,1.290933,1.717687,335.9438,20.63259741,0.1884853
48,Philippines,EAS,East Asia and Pacific,EAP,East Asia and Pacific (excluding high income),LMC,Lower middle income,IBD,IBRD,2019,61.26,3575.882,110804683,1.334755,1.730744,377.7883,21.07053247,0.190159223
48,Philippines,EAS,East Asia and Pacific,EAP,East Asia and Pacific (excluding high income),LMC,Lower middle income,IBD,IBRD,2020,61.3,3198.667,112081264,1.211623,1.693334,424.1579,17.1613545,0.153115283
48,Philippines,EAS,East Asia and Pacific,EAP,East Asia and Pacific (excluding high income),LMC,Lower middle income,IBD,IBRD,2021,58.77,3350.976,113100950,1.287228,1.486152,537.4334,18.46038628,0.163220435
49,Poland,ECS,Europe and Central Asia,,,HIC,High income,IBD,IBRD,2000,64.17,7401.577,38258629,8.181623,-0.9730163,564.3334,19.96148502,0.521751185
49,Poland,ECS,Europe and Central Asia,,,HIC,High income,IBD,IBRD,2001,64.5,7494.961,38248076,8.098441,0.045302,630.2675,19.48443553,0.509422632
49,Poland,ECS,Europe and Central Asia,,,HIC,High income,IBD,IBRD,2002,64.78,7640.993,38230364,7.912642,-0.0042291,715.9719,19.8572992,0.519411722
49,Poland,ECS,Europe and Central Asia,,,HIC,High income,IBD,IBRD,2003,64.89,7915.554,38204570,8.252764,-0.247302,731.3931,20.16412907,0.52779364
49,Poland,ECS,Europe and Central Asia,,,HIC,High income,IBD,IBRD,2004,65.07,8323.388,38182222,8.314749,-0.2402743,783.5046,21.53272047,0.563946238
49,Poland,ECS,Europe and Central Asia,,,HIC,High income,IBD,IBRD,2005,65.18,8598.577,38165445,8.307992,-0.2260396,806.7943,22.102,0.57911024
49,Poland,ECS,Europe and Central Asia,,,HIC,High income,IBD,IBRD,2006,65.36,9137.658,38141267,8.671183,-0.2441598,878.8915,23.544,0.617284161
49,Poland,ECS,Europe and Central Asia,,,HIC,High income,IBD,IBRD,2007,65.44,9760.704,38120560,8.664067,-0.2370582,986.9931,24.129,0.632965518
49,Poland,ECS,Europe and Central Asia,,,HIC,High income,IBD,IBRD,2008,65.66,10187.2,38125759,8.51278,-0.171087,1167.317,24.86,0.652052593
49,Poland,ECS,Europe and Central Asia,,,HIC,High income,IBD,IBRD,2009,65.85,10446.53,38151603,8.160671,-0.1156631,1267.956,24.699,0.647390884
49,Poland,ECS,Europe and Central Asia,,,HIC,High income,IBD,IBRD,2010,66.32,10808.4,38042794,8.657719,-0.4693734,1351.694,26.021,0.683992874
49,Poland,ECS,Europe and Central Asia,,,HIC,High income,IBD,IBRD,2011,66.57,11370.31,38063255,8.588679,-0.130333,1424.488,25.806,0.6779767
49,Poland,ECS,Europe and Central Asia,,,HIC,High income,IBD,IBRD,2012,66.67,11542.24,38063164,8.399236,-0.2077597,1477.893,24.719,0.649420526
49,Poland,ECS,Europe and Central Asia,,,HIC,High income,IBD,IBRD,2013,66.89,11628.23,38040196,8.282531,-0.2666585,1575.046,22.928,0.602730859
49,Poland,ECS,Europe and Central Asia,,,HIC,High income,IBD,IBRD,2014,67.37,12093.16,38011735,7.959281,-0.2832281,1626.767,22.937,0.603418918
49,Poland,ECS,Europe and Central Asia,,,HIC,High income,IBD,IBRD,2015,67.26,12637.52,37986412,8.048855,-0.2737995,1716.899,24.228,0.637807014
49,Poland,ECS,Europe and Central Asia,,,HIC,High income,IBD,IBRD,2016,67.54,13026.19,37970087,8.340905,-0.2090188,1856.862,26.609,0.700788492
49,Poland,ECS,Europe and Central Asia,,,HIC,High income,IBD,IBRD,2017,67.46,13695.65,37974826,8.695218,-0.1089013,1972.368,30.001226,0.790029321
49,Poland,ECS,Europe and Central Asia,,,HIC,High income,IBD,IBRD,2018,67.44,14551.08,37974750,8.678514,-0.078428,2021.771,30.773271,0.810361385
49,Poland,ECS,Europe and Central Asia,,,HIC,High income,IBD,IBRD,2019,67.56,15221.31,37965475,8.220177,-0.0593989,2292.106,31.331774,0.82527017
49,Poland,ECS,Europe and Central Asia,,,HIC,High income,IBD,IBRD,2020,66.44,14937.6,37899070,7.833493,-0.165066,2356.091,29.689469,0.783382521
49,Poland,ECS,Europe and Central Asia,,,HIC,High income,IBD,IBRD,2021,65.52,16368.62,36981559,8.757059,-2.397438,2652.568,30.942263,0.836694391
50,Portugal,ECS,Europe and Central Asia,,,HIC,High income,LNX,Not classified,2000,66.05,18822.09,10289898,6.259703,1.916107,1630.272,15.896759,1.544889852
50,Portugal,ECS,Europe and Central Asia,,,HIC,High income,LNX,Not classified,2001,66.31,19053.09,10362722,6.143367,1.883938,1690.223,15.973923,1.541479449
50,Portugal,ECS,Europe and Central Asia,,,HIC,High income,LNX,Not classified,2002,66.48,19095.11,10419631,6.516373,1.671334,1792.918,16.469998,1.580669987
50,Portugal,ECS,Europe and Central Asia,,,HIC,High income,LNX,Not classified,2003,66.62,18846.54,10458821,6.020038,1.48482,1905.183,15.510048,1.482963328
50,Portugal,ECS,Europe and Central Asia,,,HIC,High income,LNX,Not classified,2004,67.2,19137.84,10483861,6.173403,1.334601,2049.547,15.70636,1.498146532
50,Portugal,ECS,Europe and Central Asia,,,HIC,High income,LNX,Not classified,2005,67.12,19251.71,10503330,6.472785,1.260433,2195.496,16.282377,1.550210933
50,Portugal,ECS,Europe and Central Asia,,,HIC,High income,LNX,Not classified,2006,67.67,19529.31,10522288,5.996471,1.243828,2311.125,14.394885,1.368037541
50,Portugal,ECS,Europe and Central Asia,,,HIC,High income,LNX,Not classified,2007,67.84,19979.57,10542964,5.832212,1.243482,2383.678,14.485675,1.373966088
50,Portugal,ECS,Europe and Central Asia,,,HIC,High income,LNX,Not classified,2008,68.04,20014.47,10558177,5.626805,1.177148,2556.58,13.90393178,1.316887544
50,Portugal,ECS,Europe and Central Asia,,,HIC,High income,LNX,Not classified,2009,68.21,19371.13,10568247,5.548517,1.109404,2681.721,12.87675685,1.218438294
50,Portugal,ECS,Europe and Central Asia,,,HIC,High income,LNX,Not classified,2010,68.48,19698.68,10573100,5.050165,1.046478,2734.485,12.55235273,1.187197013
50,Portugal,ECS,Europe and Central Asia,,,HIC,High income,LNX,Not classified,2011,68.87,19389.64,10557560,4.882274,0.8386906,2601.13,11.7431103,1.112293967
50,Portugal,ECS,Europe and Central Asia,,,HIC,High income,LNX,Not classified,2012,68.94,18679.76,10514844,4.748363,0.5642375,2545.637,10.68311639,1.016003318
50,Portugal,ECS,Europe and Central Asia,,,HIC,High income,LNX,Not classified,2013,69.27,18597.72,10457295,4.618154,0.4003197,2619.833,10.95860017,1.047938322
50,Portugal,ECS,Europe and Central Asia,,,HIC,High income,LNX,Not classified,2014,69.62,18836.9,10401062,4.597848,0.3930561,2678.615,10.813601,1.039663161
50,Portugal,ECS,Europe and Central Asia,,,HIC,High income,LNX,Not classified,2015,69.67,19215.78,10358076,5.008305,0.5000605,2758.885,11.068619,1.068597971
50,Portugal,ECS,Europe and Central Asia,,,HIC,High income,LNX,Not classified,2016,69.69,19662.82,10325452,4.90826,0.5811021,2964.798,11.274509,1.09191433
50,Portugal,ECS,Europe and Central Asia,,,HIC,High income,LNX,Not classified,2017,69.88,20364.2,10300300,5.369125,0.6354247,3072.322,11.38711,1.105512461
50,Portugal,ECS,Europe and Central Asia,,,HIC,High income,LNX,Not classified,2018,69.83,20997.78,10283822,4.985569,0.7008054,3285.399,11.33315,1.102036772
50,Portugal,ECS,Europe and Central Asia,,,HIC,High income,LNX,Not classified,2019,70.06,21569.19,10286263,4.537858,0.8681769,3603.896,11.69424,1.136879351
50,Portugal,ECS,Europe and Central Asia,,,HIC,High income,LNX,Not classified,2020,69.39,19778.71,10297081,3.974554,0.931922,3784.395,9.562105446,0.928622922
50,Portugal,ECS,Europe and Central Asia,,,HIC,High income,LNX,Not classified,2021,69.52,20747.7,10361831,3.779516,1.436413,4340.731,9.800444,0.945821641
51,Romania,ECS,Europe and Central Asia,,,HIC,High income,IBD,IBRD,2000,62.29,4569.309,22442971,4.340673,-0.4195656,246.0261,9.979,0.444638101
51,Romania,ECS,Europe and Central Asia,,,HIC,High income,IBD,IBRD,2001,62.38,4875.303,22131970,4.71728,-1.682608,281.5442,10.604,0.479125898
51,Romania,ECS,Europe and Central Asia,,,HIC,High income,IBD,IBRD,2002,62.19,5248.55,21730496,4.758262,-1.966977,332.5957,10.645,0.489864566
51,Romania,ECS,Europe and Central Asia,,,HIC,High income,IBD,IBRD,2003,62.5,5410.309,21574326,4.994821,-0.4714849,405.0959,9.425,0.436861851
51,Romania,ECS,Europe and Central Asia,,,HIC,High income,IBD,IBRD,2004,62.94,6008.641,21451748,4.921403,-0.3225054,490.8546,10.899,0.508070485
51,Romania,ECS,Europe and Central Asia,,,HIC,High income,IBD,IBRD,2005,63.25,6328.09,21319685,4.900776,-0.3708714,529.2277,10.679,0.500898583
51,Romania,ECS,Europe and Central Asia,,,HIC,High income,IBD,IBRD,2006,63.67,6876.778,21193760,5.229587,-0.3463398,584.2995,10.31,0.48646394
51,Romania,ECS,Europe and Central Asia,,,HIC,High income,IBD,IBRD,2007,64.13,7483.974,20882982,5.127687,-1.231773,680.1447,10.252,0.490926056
51,Romania,ECS,Europe and Central Asia,,,HIC,High income,IBD,IBRD,2008,64.3,8318.004,20537875,5.130117,-1.421523,838.9424,10.097,0.491628272
51,Romania,ECS,Europe and Central Asia,,,HIC,High income,IBD,IBRD,2009,64.45,7924.871,20367487,4.20694,-0.5888398,874.7431,8.857,0.434859735
51,Romania,ECS,Europe and Central Asia,,,HIC,High income,IBD,IBRD,2010,64.68,7660.707,20246871,4.116024,-0.3502995,976.4018,8.395,0.41463197
51,Romania,ECS,Europe and Central Asia,,,HIC,High income,IBD,IBRD,2011,65.27,8044.572,20147528,4.457703,-0.2487979,839.3342,8.857,0.439607281
51,Romania,ECS,Europe and Central Asia,,,HIC,High income,IBD,IBRD,2012,65.19,8234.285,20058035,4.368663,-0.4192334,891.507,9.006,0.448997123
51,Romania,ECS,Europe and Central Asia,,,HIC,High income,IBD,IBRD,2013,65.71,8287.958,19983693,3.979224,-0.4399044,1026.131,8.42,0.421343542
51,Romania,ECS,Europe and Central Asia,,,HIC,High income,IBD,IBRD,2014,65.61,8661.474,19908979,3.967009,-0.44319,1035.373,8.663,0.4351303
51,Romania,ECS,Europe and Central Asia,,,HIC,High income,IBD,IBRD,2015,65.68,8977.018,19815616,4.051926,-0.4941768,1065.923,8.833,0.445759546
51,Romania,ECS,Europe and Central Asia,,,HIC,High income,IBD,IBRD,2016,65.82,9286.877,19702267,3.99419,-0.5495384,1210.824,9.273,0.470656499
51,Romania,ECS,Europe and Central Asia,,,HIC,High income,IBD,IBRD,2017,65.87,10106.23,19588715,4.175138,-0.5112428,1394.099,9.756638,0.498074427
51,Romania,ECS,Europe and Central Asia,,,HIC,High income,IBD,IBRD,2018,65.91,10788.01,19473970,4.261571,-0.4726083,1626.6,9.708771,0.498551194
51,Romania,ECS,Europe and Central Asia,,,HIC,High income,IBD,IBRD,2019,66.18,11270.48,19371648,4.189241,-0.3676743,1912.926,10.118479,0.522334445
51,Romania,ECS,Europe and Central Asia,,,HIC,High income,IBD,IBRD,2020,65.02,10916.31,19265250,3.929562,-0.3475741,2128.223,9.810228,0.509218827
51,Romania,ECS,Europe and Central Asia,,,HIC,High income,IBD,IBRD,2021,63.85,11607.98,19122059,4.204955,-0.4972493,2446.47,10.515893,0.549935182
52,Russian Federation,ECS,Europe and Central Asia,ECA,Europe and Central Asia (excluding high income),UMC,Upper middle income,IBD,IBRD,2000,56.71,5323.667,146596869,11.4678,-0.4260687,366.7982,123.2444215,0.840702958
52,Russian Federation,ECS,Europe and Central Asia,ECA,Europe and Central Asia (excluding high income),UMC,Upper middle income,IBD,IBRD,2001,56.69,5618.956,145976482,11.5379,-0.4295441,413.1198,127.0856071,0.8705896
52,Russian Federation,ECS,Europe and Central Asia,ECA,Europe and Central Asia (excluding high income),UMC,Upper middle income,IBD,IBRD,2002,56.56,5910.172,145306497,11.52929,-0.466841,473.455,122.05935,0.840013024
52,Russian Federation,ECS,Europe and Central Asia,ECA,Europe and Central Asia (excluding high income),UMC,Upper middle income,IBD,IBRD,2003,56.51,6370.454,144648618,12.01006,-0.4101589,508.0024,126.4670721,0.87430543
52,Russian Federation,ECS,Europe and Central Asia,ECA,Europe and Central Asia (excluding high income),UMC,Upper middle income,IBD,IBRD,2004,56.87,6856.678,144067316,12.0697,-0.3413694,517.6237,124.7396318,0.865842685
52,Russian Federation,ECS,Europe and Central Asia,ECA,Europe and Central Asia (excluding high income),UMC,Upper middle income,IBD,IBRD,2005,56.95,7323.385,143518814,12.11882,-0.320179,599.9357,124.9573519,0.870668788
52,Russian Federation,ECS,Europe and Central Asia,ECA,Europe and Central Asia (excluding high income),UMC,Upper middle income,IBD,IBRD,2006,58,7949.897,143049637,12.41648,-0.2662085,756.0211,131.1242165,0.916634388
52,Russian Federation,ECS,Europe and Central Asia,ECA,Europe and Central Asia (excluding high income),UMC,Upper middle income,IBD,IBRD,2007,58.77,8640.406,142805114,12.45757,-0.1098823,840.7174,130.1983093,0.911720216
52,Russian Federation,ECS,Europe and Central Asia,ECA,Europe and Central Asia (excluding high income),UMC,Upper middle income,IBD,IBRD,2008,59.11,9093.7,142742366,12.3601,0.0172124,1051.524,134.1412046,0.939743458
52,Russian Federation,ECS,Europe and Central Asia,ECA,Europe and Central Asia (excluding high income),UMC,Upper middle income,IBD,IBRD,2009,59.75,8381.868,142785348,11.64025,0.089873,1163.717,128.6630769,0.901094396
52,Russian Federation,ECS,Europe and Central Asia,ECA,Europe and Central Asia (excluding high income),UMC,Upper middle income,IBD,IBRD,2010,59.99,8755.12,142849468,12.22859,0.1059838,1083.147,133.351308,0.933509308
52,Russian Federation,ECS,Europe and Central Asia,ECA,Europe and Central Asia (excluding high income),UMC,Upper middle income,IBD,IBRD,2011,60.76,9120.82,143018195,12.81349,0.1790969,1084.959,143.1724901,1.001078849
52,Russian Federation,ECS,Europe and Central Asia,ECA,Europe and Central Asia (excluding high income),UMC,Upper middle income,IBD,IBRD,2012,61.12,9464.011,143378447,12.69194,0.331563,1190.654,148.167745,1.033403193
52,Russian Federation,ECS,Europe and Central Asia,ECA,Europe and Central Asia (excluding high income),UMC,Upper middle income,IBD,IBRD,2013,61.57,9601.537,143805638,12.2679,0.3950282,1314.775,147.473811,1.025507853
52,Russian Federation,ECS,Europe and Central Asia,ECA,Europe and Central Asia (excluding high income),UMC,Upper middle income,IBD,IBRD,2014,61.63,9493.813,144237223,12.13379,0.4173837,1345.724,155.2892984,1.076624294
52,Russian Federation,ECS,Europe and Central Asia,ECA,Europe and Central Asia (excluding high income),UMC,Upper middle income,IBD,IBRD,2015,62.15,9277.714,144640716,12.14774,0.4144874,1285.211,149.697901,1.034963772
52,Russian Federation,ECS,Europe and Central Asia,ECA,Europe and Central Asia (excluding high income),UMC,Upper middle income,IBD,IBRD,2016,62.43,9269.319,145015460,11.96121,0.4125831,1284.147,151.7642341,1.046538308
52,Russian Federation,ECS,Europe and Central Asia,ECA,Europe and Central Asia (excluding high income),UMC,Upper middle income,IBD,IBRD,2017,63.15,9418.914,145293260,12.13513,0.3638243,1395.603,151.1400025,1.040240975
52,Russian Federation,ECS,Europe and Central Asia,ECA,Europe and Central Asia (excluding high income),UMC,Upper middle income,IBD,IBRD,2018,63.29,9674.787,145398106,12.66483,0.2617469,1547.659,152.5506545,1.049192859
52,Russian Federation,ECS,Europe and Central Asia,ECA,Europe and Central Asia (excluding high income),UMC,Upper middle income,IBD,IBRD,2019,63.72,9882.024,145453291,13.1301,0.244631,1695.366,155.7698432,1.070926908
52,Russian Federation,ECS,Europe and Central Asia,ECA,Europe and Central Asia (excluding high income),UMC,Upper middle income,IBD,IBRD,2020,62.22,9632.325,145245148,12.5911,0.0804475,2399.128,149.6701499,1.030465747
52,Russian Federation,ECS,Europe and Central Asia,ECA,Europe and Central Asia (excluding high income),UMC,Upper middle income,IBD,IBRD,2021,60.94,10206.95,144746762,13.52657,-0.1032238,2334.951,159.1667039,1.099621862
53,Singapore,EAS,East Asia and Pacific,,,HIC,High income,LNX,Not classified,2000,69.41,34890.08,4027887,11.30104,1.732042,1460.914,36.2292,8.994591954
53,Singapore,EAS,East Asia and Pacific,,,HIC,High income,LNX,Not classified,2001,69.88,33597.87,4138012,11.09388,2.697356,1370.639,38.7141,9.35572444
53,Singapore,EAS,East Asia and Pacific,,,HIC,High income,LNX,Not classified,2002,70.05,34598.83,4175950,10.828,0.9126398,1524.612,36.7951,8.811192663
53,Singapore,EAS,East Asia and Pacific,,,HIC,High income,LNX,Not classified,2003,70.27,36709.8,4114826,10.31456,-1.474533,1749.346,34.0548,8.276121518
53,Singapore,EAS,East Asia and Pacific,,,HIC,High income,LNX,Not classified,2004,70.81,39856.64,4166664,10.68553,1.251917,1710.488,37.8291,9.078989811
53,Singapore,EAS,East Asia and Pacific,,,HIC,High income,LNX,Not classified,2005,70.99,41798.49,4265762,9.782894,2.350511,1783.168,40.2836,9.443471061
53,Singapore,EAS,East Asia and Pacific,,,HIC,High income,LNX,Not classified,2006,71.35,44159.41,4401365,9.535542,3.129389,1877.404,43.2951712,9.836760005
53,Singapore,EAS,East Asia and Pacific,,,HIC,High income,LNX,Not classified,2007,71.11,46178.81,4588599,9.449137,4.166003,1948.656,47.078302,10.25984227
53,Singapore,EAS,East Asia and Pacific,,,HIC,High income,LNX,Not classified,2008,71.44,44601.58,4839396,8.868876,5.321517,2178.226,50.24804292,10.3831228
53,Singapore,EAS,East Asia and Pacific,,,HIC,High income,LNX,Not classified,2009,71.93,43331.88,4987573,8.774287,3.01595,2255.65,54.2053351,10.86807854
53,Singapore,EAS,East Asia and Pacific,,,HIC,High income,LNX,Not classified,2010,72.1,48752.05,5076732,9.630349,1.771833,2411.027,58.74728451,11.57187035
53,Singapore,EAS,East Asia and Pacific,,,HIC,High income,LNX,Not classified,2011,72.26,50713.53,5183688,9.904898,2.084903,2525.494,61.28074525,11.82184291
53,Singapore,EAS,East Asia and Pacific,,,HIC,High income,LNX,Not classified,2012,72.45,51679.35,5312437,9.442258,2.45339,2737.625,60.79919049,11.44468922
53,Singapore,EAS,East Asia and Pacific,,,HIC,High income,LNX,Not classified,2013,72.57,53298.97,5399162,9.748772,1.619308,3064.037,60.24545749,11.1582978
53,Singapore,EAS,East Asia and Pacific,,,HIC,High income,LNX,Not classified,2014,72.76,54681.93,5469724,9.84962,1.29844,3275.378,61.00033928,11.15236149
53,Singapore,EAS,East Asia and Pacific,,,HIC,High income,LNX,Not classified,2015,72.94,55645.61,5535002,9.970674,1.186377,3642.437,64.21782759,11.60213268
53,Singapore,EAS,East Asia and Pacific,,,HIC,High income,LNX,Not classified,2016,73.25,56899.48,5607283,9.449121,1.297436,3913.989,68.08114871,12.14155745
53,Singapore,EAS,East Asia and Pacific,,,HIC,High income,LNX,Not classified,2017,73.26,59414.66,5612253,10.1381,0.0885955,4123.12,69.36599903,12.35974198
53,Singapore,EAS,East Asia and Pacific,,,HIC,High income,LNX,Not classified,2018,73.5,61216.13,5638676,9.616654,0.4697043,4048.013,69.6854553,12.35847835
53,Singapore,EAS,East Asia and Pacific,,,HIC,High income,LNX,Not classified,2019,73.8,61333.66,5703569,9.801302,1.144283,4495.073,67.52065082,11.83831577
53,Singapore,EAS,East Asia and Pacific,,,HIC,High income,LNX,Not classified,2020,73.8,59144.36,5685807,9.476105,-0.311905,5712.48,66.06687365,11.61961242
53,Singapore,EAS,East Asia and Pacific,,,HIC,High income,LNX,Not classified,2021,73.65,67638.65,5453566,10.21158,-4.170336,6187.138,65.49412604,12.00941293
54,Slovak Republic,ECS,Europe and Central Asia,,,HIC,High income,LNX,Not classified,2000,63.86,8997.212,5388720,7.734972,-0.2437758,602.2163,3.41,0.632803337
54,Slovak Republic,ECS,Europe and Central Asia,,,HIC,High income,LNX,Not classified,2001,63.98,9277.358,5378867,7.802554,-0.307577,660.5646,3.155000019,0.586554756
54,Slovak Republic,ECS,Europe and Central Asia,,,HIC,High income,LNX,Not classified,2002,64.2,9690.685,5376912,7.793897,-0.3037778,733.1547,3.536000457,0.657626619
54,Slovak Republic,ECS,Europe and Central Asia,,,HIC,High income,LNX,Not classified,2003,64.27,10168.02,5373374,7.885437,-0.3339823,772.4854,3.330000305,0.619722414
54,Slovak Republic,ECS,Europe and Central Asia,,,HIC,High income,LNX,Not classified,2004,64.57,10718.21,5372280,7.781631,-0.2892516,970.3083,3.285000152,0.611472252
54,Slovak Republic,ECS,Europe and Central Asia,,,HIC,High income,LNX,Not classified,2005,64.56,11412.16,5372807,7.858109,-0.2597708,1096.345,3.883000045,0.72271348
54,Slovak Republic,ECS,Europe and Central Asia,,,HIC,High income,LNX,Not classified,2006,64.77,12430.2,5373054,7.857431,-0.267534,1295.779,3.602000733,0.670382381
54,Slovak Republic,ECS,Europe and Central Asia,,,HIC,High income,LNX,Not classified,2007,64.86,13770.96,5374622,7.689657,-0.2437038,1523.961,3.770999584,0.701630661
54,Slovak Republic,ECS,Europe and Central Asia,,,HIC,High income,LNX,Not classified,2008,65.14,14497.11,5379233,7.648469,-0.1860609,1651.425,3.968998945,0.737837336
54,Slovak Republic,ECS,Europe and Central Asia,,,HIC,High income,LNX,Not classified,2009,65.45,13680.75,5386406,6.909394,-0.141099,1835.709,3.649000778,0.677446293
54,Slovak Republic,ECS,Europe and Central Asia,,,HIC,High income,LNX,Not classified,2010,65.66,14596.15,5391428,7.400006,-0.4084511,1947.524,3.824998604,0.709459276
54,Slovak Republic,ECS,Europe and Central Asia,,,HIC,High income,LNX,Not classified,2011,66.03,14950.87,5398384,7.017748,-0.3568069,1918.636,3.77,0.698357138
54,Slovak Republic,ECS,Europe and Central Asia,,,HIC,High income,LNX,Not classified,2012,66.21,15159.66,5407579,6.675372,-0.0874165,2035.448,3.508,0.64871914
54,Slovak Republic,ECS,Europe and Central Asia,,,HIC,High income,LNX,Not classified,2013,66.51,15249.88,5413393,6.718688,-0.1508001,2101.072,3.504,0.647283506
54,Slovak Republic,ECS,Europe and Central Asia,,,HIC,High income,LNX,Not classified,2014,66.8,15647.65,5418649,6.271637,-0.1618951,1999.392,3.255,0.600703238
54,Slovak Republic,ECS,Europe and Central Asia,,,HIC,High income,LNX,Not classified,2015,66.65,16442.08,5423801,6.362991,-0.1107216,2033.225,3.541,0.652863186
54,Slovak Republic,ECS,Europe and Central Asia,,,HIC,High income,LNX,Not classified,2016,67.08,16740.74,5430798,6.527015,-0.0252184,2110.689,3.669,0.675591322
54,Slovak Republic,ECS,Europe and Central Asia,,,HIC,High income,LNX,Not classified,2017,67.08,17195.29,5439232,6.9346,0.0529275,2038.174,4.098,0.753415188
54,Slovak Republic,ECS,Europe and Central Asia,,,HIC,High income,LNX,Not classified,2018,67.17,17869.02,5446771,6.831625,0.0919662,2092.638,4.137,0.759532574
54,Slovak Republic,ECS,Europe and Central Asia,,,HIC,High income,LNX,Not classified,2019,67.48,18250.98,5454147,6.376854,0.1409304,2350.366,3.914,0.717619089
54,Slovak Republic,ECS,Europe and Central Asia,,,HIC,High income,LNX,Not classified,2020,66.89,17763.86,5458827,5.97513,0.1434241,2494.687,3.912,0.716637475
54,Slovak Republic,ECS,Europe and Central Asia,,,HIC,High income,LNX,Not classified,2021,64.94,18821.12,5447247,6.722368,-0.1008119,2924.744,4.122,0.756712519
55,Slovenia,ECS,Europe and Central Asia,,,HIC,High income,LNX,Not classified,2000,65.98,16146.12,1988925,7.560566,0.3473229,1405.833,2.306,1.15942029
55,Slovenia,ECS,Europe and Central Asia,,,HIC,High income,LNX,Not classified,2001,66.08,16576.72,1992060,8.481572,0.2087058,1494.279,2.423,1.216328825
55,Slovenia,ECS,Europe and Central Asia,,,HIC,High income,LNX,Not classified,2002,66.28,17099.66,1994530,8.626544,0.2754298,1624.022,2.352,1.179225181
55,Slovenia,ECS,Europe and Central Asia,,,HIC,High income,LNX,Not classified,2003,66.15,17635.36,1995733,8.545231,0.5017175,1710.553,2.392,1.198557122
55,Slovenia,ECS,Europe and Central Asia,,,HIC,High income,LNX,Not classified,2004,66.67,18425.26,1997012,8.712366,0.5055569,1807.697,2.489,1.246362065
55,Slovenia,ECS,Europe and Central Asia,,,HIC,High income,LNX,Not classified,2005,66.94,19102.28,2000474,8.815961,0.6107444,1910.003,2.543,1.271198726
55,Slovenia,ECS,Europe and Central Asia,,,HIC,High income,LNX,Not classified,2006,67.35,20166.53,2006868,8.941645,0.7548285,2015.679,2.649,1.319967233
55,Slovenia,ECS,Europe and Central Asia,,,HIC,High income,LNX,Not classified,2007,67.5,21485.78,2018122,8.880632,0.9929217,2079.354,2.611,1.293777086
55,Slovenia,ECS,Europe and Central Asia,,,HIC,High income,LNX,Not classified,2008,68.04,22175.24,2021316,9.344457,0.5920026,2338.097,3.038,1.502981226
55,Slovenia,ECS,Europe and Central Asia,,,HIC,High income,LNX,Not classified,2009,68.18,20307.62,2039669,8.280853,1.332023,2360.33,2.564,1.25706671
55,Slovenia,ECS,Europe and Central Asia,,,HIC,High income,LNX,Not classified,2010,68.57,20444.12,2048583,8.37784,0.8642626,2384.84,2.57,1.254525689
55,Slovenia,ECS,Europe and Central Asia,,,HIC,High income,LNX,Not classified,2011,68.81,20535.42,2052843,7.83416,0.6340961,2472.897,2.563,1.248512429
55,Slovenia,ECS,Europe and Central Asia,,,HIC,High income,LNX,Not classified,2012,68.88,19894.87,2057159,7.544045,0.6345858,2533.16,2.511,1.220615422
55,Slovenia,ECS,Europe and Central Asia,,,HIC,High income,LNX,Not classified,2013,69.1,19704.22,2059953,7.531191,0.5566092,2621.224,2.381,1.155851614
55,Slovenia,ECS,Europe and Central Asia,,,HIC,High income,LNX,Not classified,2014,69.62,20228.71,2061980,6.852734,0.5193958,2625.702,2.359,1.144046014
55,Slovenia,ECS,Europe and Central Asia,,,HIC,High income,LNX,Not classified,2015,69.41,20697.28,2063531,6.929433,0.4925662,2688.698,2.318,1.123317265
55,Slovenia,ECS,Europe and Central Asia,,,HIC,High income,LNX,Not classified,2016,69.72,21309.71,2065042,7.275978,0.5166001,2878.29,2.49,1.205786614
55,Slovenia,ECS,Europe and Central Asia,,,HIC,High income,LNX,Not classified,2017,69.79,22397.76,2066388,7.42755,0.5324043,2988.784,2.55275,1.235368188
55,Slovenia,ECS,Europe and Central Asia,,,HIC,High income,LNX,Not classified,2018,69.98,23293.97,2073894,7.398305,0.8551894,3236.614,2.629307,1.267811663
55,Slovenia,ECS,Europe and Central Asia,,,HIC,High income,LNX,Not classified,2019,70.23,23943.18,2088385,7.045444,1.210111,3642.587,2.50476,1.199376552
55,Slovenia,ECS,Europe and Central Asia,,,HIC,High income,LNX,Not classified,2020,69.47,22811.8,2102419,6.383742,1.208242,3976.051,2.098885,0.998319079
55,Slovenia,ECS,Europe and Central Asia,,,HIC,High income,LNX,Not classified,2021,69.36,24659.25,2108079,6.527649,0.8279325,4406.782,2.242239,1.063640879
56,South Africa,SSF,Sub-Saharan Africa,SSA,Sub-Saharan Africa (excluding high income),UMC,Upper middle income,IBD,IBRD,2000,49.4,4700.875,47159719,7.364278,1.761959,593.8477,21.99076867,0.466304065
56,South Africa,SSF,Sub-Saharan Africa,SSA,Sub-Saharan Africa (excluding high income),UMC,Upper middle income,IBD,IBRD,2001,48.34,4786.482,47566800,7.513709,1.694442,600.3061,22.46646301,0.472313946
56,South Africa,SSF,Sub-Saharan Africa,SSA,Sub-Saharan Africa (excluding high income),UMC,Upper middle income,IBD,IBRD,2002,47.07,4916.815,48019415,7.721591,1.866655,587.0921,23.05116488,0.480038436
56,South Africa,SSF,Sub-Saharan Africa,SSA,Sub-Saharan Africa (excluding high income),UMC,Upper middle income,IBD,IBRD,2003,45.94,5011.622,48500348,8.115216,1.938596,643.4161,23.88296878,0.492428813
56,South Africa,SSF,Sub-Saharan Africa,SSA,Sub-Saharan Africa (excluding high income),UMC,Upper middle income,IBD,IBRD,2004,45.36,5187.357,48991421,8.690526,1.938978,673.8931,24.76983318,0.50559532
56,South Africa,SSF,Sub-Saharan Africa,SSA,Sub-Saharan Africa (excluding high income),UMC,Upper middle income,IBD,IBRD,2005,45.16,5406.076,49490033,8.815496,1.928847,716.3696,24.77588573,0.500623746
56,South Africa,SSF,Sub-Saharan Africa,SSA,Sub-Saharan Africa (excluding high income),UMC,Upper middle income,IBD,IBRD,2006,45.21,5650.988,49998277,8.81238,1.926316,773.5435,25.24224317,0.504862261
56,South Africa,SSF,Sub-Saharan Africa,SSA,Sub-Saharan Africa (excluding high income),UMC,Upper middle income,IBD,IBRD,2007,45.85,5891.421,50528584,9.10304,1.948244,831.6953,25.74237916,0.509461717
56,South Africa,SSF,Sub-Saharan Africa,SSA,Sub-Saharan Africa (excluding high income),UMC,Upper middle income,IBD,IBRD,2008,46.67,6009.72,51114599,9.545388,2.036736,895.1225,24.37706809,0.476910092
56,South Africa,SSF,Sub-Saharan Africa,SSA,Sub-Saharan Africa (excluding high income),UMC,Upper middle income,IBD,IBRD,2009,47.77,5847.058,51728516,8.833346,2.061699,937.9172,23.88401264,0.461718497
56,South Africa,SSF,Sub-Saharan Africa,SSA,Sub-Saharan Africa (excluding high income),UMC,Upper middle income,IBD,IBRD,2010,49.24,5953.945,52344051,8.870813,2.040023,984.7567,24.98733812,0.477367297
56,South Africa,SSF,Sub-Saharan Africa,SSA,Sub-Saharan Africa (excluding high income),UMC,Upper middle income,IBD,IBRD,2011,50.84,6067.125,52995205,8.390152,2.081361,1044.141,25.28227861,0.477067286
56,South Africa,SSF,Sub-Saharan Africa,SSA,Sub-Saharan Africa (excluding high income),UMC,Upper middle income,IBD,IBRD,2012,52.23,6121.558,53782567,8.569508,2.309602,1039.14,25.93893614,0.482292639
56,South Africa,SSF,Sub-Saharan Africa,SSA,Sub-Saharan Africa (excluding high income),UMC,Upper middle income,IBD,IBRD,2013,53.27,6170.876,54678791,8.645864,2.472708,1082.604,26.39254096,0.482683331
56,South Africa,SSF,Sub-Saharan Africa,SSA,Sub-Saharan Africa (excluding high income),UMC,Upper middle income,IBD,IBRD,2014,53.84,6155.006,55594838,8.706711,2.471722,1050.437,26.0275428,0.468164739
56,South Africa,SSF,Sub-Saharan Africa,SSA,Sub-Saharan Africa (excluding high income),UMC,Upper middle income,IBD,IBRD,2015,54.25,6112.274,56723537,8.110416,2.809027,1077.412,28.69295891,0.505838677
56,South Africa,SSF,Sub-Saharan Africa,SSA,Sub-Saharan Africa (excluding high income),UMC,Upper middle income,IBD,IBRD,2016,54.75,6095.295,57259551,8.04226,1.72873,1090.413,27.57284295,0.481541376
56,South Africa,SSF,Sub-Saharan Africa,SSA,Sub-Saharan Africa (excluding high income),UMC,Upper middle income,IBD,IBRD,2017,55.45,6125.692,57635162,8.151474,1.429809,1093.652,27.56709462,0.478303412
56,South Africa,SSF,Sub-Saharan Africa,SSA,Sub-Saharan Africa (excluding high income),UMC,Upper middle income,IBD,IBRD,2018,55.9,6117.27,58613001,8.081821,2.44634,1133.104,27.51307301,0.469402224
56,South Africa,SSF,Sub-Saharan Africa,SSA,Sub-Saharan Africa (excluding high income),UMC,Upper middle income,IBD,IBRD,2019,56.29,6032.83,59587885,8.031639,2.401767,1160.672,27.27302028,0.457694048
56,South Africa,SSF,Sub-Saharan Africa,SSA,Sub-Saharan Africa (excluding high income),UMC,Upper middle income,IBD,IBRD,2020,55.04,5569.585,60562381,6.914742,2.364289,1189.062,22.10466474,0.364990022
56,South Africa,SSF,Sub-Saharan Africa,SSA,Sub-Saharan Africa (excluding high income),UMC,Upper middle income,IBD,IBRD,2021,52.76,5756.195,61502603,6.967725,2.269845,1232.855,23.84294252,0.387673714
57,Spain,ECS,Europe and Central Asia,,,HIC,High income,LNX,Not classified,2000,68.89,24106.88,40567864,7.72138,0.5534056,1471.289,69.78142156,1.720115744
57,Spain,ECS,Europe and Central Asia,,,HIC,High income,LNX,Not classified,2001,69.12,24878.38,40850412,7.684513,0.8002259,1560.944,71.84478693,1.758728576
57,Spain,ECS,Europe and Central Asia,,,HIC,High income,LNX,Not classified,2002,69.19,25205.32,41431558,7.996914,1.661162,1673.403,73.56912293,1.775678407
57,Spain,ECS,Europe and Central Asia,,,HIC,High income,LNX,Not classified,2003,69.13,25481.17,42187645,8.052867,2.128067,1910.706,74.45776921,1.764918834
57,Spain,ECS,Europe and Central Asia,,,HIC,High income,LNX,Not classified,2004,69.53,25825.31,42921895,8.281144,2.042762,2017.774,75.09897316,1.749665833
57,Spain,ECS,Europe and Central Asia,,,HIC,High income,LNX,Not classified,2005,69.53,26294.45,43653155,8.485705,2.001758,2154.314,77.03860298,1.764788891
57,Spain,ECS,Europe and Central Asia,,,HIC,High income,LNX,Not classified,2006,69.99,26899.09,44397319,8.142868,1.999208,2426.256,76.39103212,1.720622638
57,Spain,ECS,Europe and Central Asia,,,HIC,High income,LNX,Not classified,2007,69.98,27338.79,45226803,8.28462,2.157701,2597.123,76.97624334,1.702004967
57,Spain,ECS,Europe and Central Asia,,,HIC,High income,LNX,Not classified,2008,70.18,27112.53,45954106,7.465994,1.898447,2805.624,73.72127246,1.604236898
57,Spain,ECS,Europe and Central Asia,,,HIC,High income,LNX,Not classified,2009,70.43,25860.81,46362946,6.552125,1.185378,2930.589,69.32259626,1.495215517
57,Spain,ECS,Europe and Central Asia,,,HIC,High income,LNX,Not classified,2010,70.69,25766.25,46576897,6.252952,0.7566079,2894.228,67.59474645,1.45125053
57,Spain,ECS,Europe and Central Asia,,,HIC,High income,LNX,Not classified,2011,70.77,25510.56,46742697,6.271821,0.6493894,2926.374,64.49919513,1.379877484
57,Spain,ECS,Europe and Central Asia,,,HIC,High income,LNX,Not classified,2012,70.88,24763.57,46773055,6.144501,0.3555818,2901.496,59.57232818,1.273646294
57,Spain,ECS,Europe and Central Asia,,,HIC,High income,LNX,Not classified,2013,71.22,24490.23,46620045,5.589823,-0.0353295,2934.588,57.13667761,1.225581777
57,Spain,ECS,Europe and Central Asia,,,HIC,High income,LNX,Not classified,2014,71.28,24937.04,46480882,5.551003,-0.0049416,3045.679,57.29409022,1.232637759
57,Spain,ECS,Europe and Central Asia,,,HIC,High income,LNX,Not classified,2015,71.11,25969.84,46444832,5.922696,0.2193255,3185.662,59.36731151,1.278232883
57,Spain,ECS,Europe and Central Asia,,,HIC,High income,LNX,Not classified,2016,71.38,26704.34,46484062,5.733817,0.3829717,3341.627,60.84642815,1.308973991
57,Spain,ECS,Europe and Central Asia,,,HIC,High income,LNX,Not classified,2017,71.35,27413.33,46593236,6.045843,0.5347375,3543.327,61.07401757,1.310791497
57,Spain,ECS,Europe and Central Asia,,,HIC,High income,LNX,Not classified,2018,71.42,27947.32,46797754,5.87913,0.7384812,3674.865,61.89422908,1.322589735
57,Spain,ECS,Europe and Central Asia,,,HIC,High income,LNX,Not classified,2019,71.69,28291.63,47134837,5.467843,1.021035,4012.398,61.94284026,1.314162607
57,Spain,ECS,Europe and Central Asia,,,HIC,High income,LNX,Not classified,2020,70.63,25073.72,47365655,4.618203,0.7921446,4184.934,49.85379455,1.052530458
57,Spain,ECS,Europe and Central Asia,,,HIC,High income,LNX,Not classified,2021,71.11,26721.15,47415794,5.010712,0.4097541,4498.306,54.9729805,1.159381207
58,Sri Lanka,SAS,South Asia,SAS,South Asia (excluding high income),LMC,Lower middle income,IBD,IBRD,2000,62.4,1958.098,19293054,0.594245,1.734898,171.6556,3.683987,0.190948877
58,Sri Lanka,SAS,South Asia,SAS,South Asia (excluding high income),LMC,Lower middle income,IBD,IBRD,2001,63.3,1897.611,19600362,0.5802087,1.498642,181.5688,3.581846,0.18274387
58,Sri Lanka,SAS,South Asia,SAS,South Asia (excluding high income),LMC,Lower middle income,IBD,IBRD,2002,63.9,1952.387,19805752,0.600679,0.9552777,188.8109,3.795555,0.191639025
58,Sri Lanka,SAS,South Asia,SAS,South Asia (excluding high income),LMC,Lower middle income,IBD,IBRD,2003,63.9,2053.252,19951521,0.6444271,0.6515321,176.8356,3.725388,0.186722005
58,Sri Lanka,SAS,South Asia,SAS,South Asia (excluding high income),LMC,Lower middle income,IBD,IBRD,2004,60.4,2150.386,20087605,0.6609449,0.5978954,210.6509,3.728719,0.185622875
58,Sri Lanka,SAS,South Asia,SAS,South Asia (excluding high income),LMC,Lower middle income,IBD,IBRD,2005,64,2270.039,20216524,0.7136786,0.5523533,220.2581,4.26888,0.211157962
58,Sri Lanka,SAS,South Asia,SAS,South Asia (excluding high income),LMC,Lower middle income,IBD,IBRD,2006,63.9,2427.793,20352411,0.6482033,0.5879343,241.0248,4.38551,0.215478648
58,Sri Lanka,SAS,South Asia,SAS,South Asia (excluding high income),LMC,Lower middle income,IBD,IBRD,2007,64.3,2575.076,20492545,0.6891482,0.5986533,260.6724,4.646333,0.226732844
58,Sri Lanka,SAS,South Asia,SAS,South Asia (excluding high income),LMC,Lower middle income,IBD,IBRD,2008,63.7,2710.198,20629378,0.6448668,0.5833824,281.9715,4.27527,0.207241828
58,Sri Lanka,SAS,South Asia,SAS,South Asia (excluding high income),LMC,Lower middle income,IBD,IBRD,2009,63.1,2788.933,20756435,0.6155151,0.5318114,307.3208,4.411542,0.212538521
58,Sri Lanka,SAS,South Asia,SAS,South Asia (excluding high income),LMC,Lower middle income,IBD,IBRD,2010,64.5,2994.796,20879089,0.6473846,0.501436,308.0131,4.41956,0.211673986
58,Sri Lanka,SAS,South Asia,SAS,South Asia (excluding high income),LMC,Lower middle income,IBD,IBRD,2011,65.2,3234.298,21009048,0.7571262,0.5381739,325.0817,4.932088,0.234760185
58,Sri Lanka,SAS,South Asia,SAS,South Asia (excluding high income),LMC,Lower middle income,IBD,IBRD,2012,65.8,3486.865,21169458,0.8452224,0.6782302,338.7654,5.261632,0.248548262
58,Sri Lanka,SAS,South Asia,SAS,South Asia (excluding high income),LMC,Lower middle income,IBD,IBRD,2013,65.9,3731.156,20585000,0.7206995,-2.788711,400.2609,4.48304893,0.217782314
58,Sri Lanka,SAS,South Asia,SAS,South Asia (excluding high income),LMC,Lower middle income,IBD,IBRD,2014,66.2,3932.26,20778000,0.8604822,1.043057,391.4789,5.1443067,0.247584306
58,Sri Lanka,SAS,South Asia,SAS,South Asia (excluding high income),LMC,Lower middle income,IBD,IBRD,2015,66.4,4060.131,20970000,0.9398331,1.128175,433.8538,4.930894579,0.235140419
58,Sri Lanka,SAS,South Asia,SAS,South Asia (excluding high income),LMC,Lower middle income,IBD,IBRD,2016,66.6,4217.25,21209000,1.107261,1.434101,457.1153,6.05239,0.285368947
58,Sri Lanka,SAS,South Asia,SAS,South Asia (excluding high income),LMC,Lower middle income,IBD,IBRD,2017,66.7,4440.512,21444000,1.091583,1.499802,439.2975,6.50265205,0.303238764
58,Sri Lanka,SAS,South Asia,SAS,South Asia (excluding high income),LMC,Lower middle income,IBD,IBRD,2018,66.9,4495.71,21670000,1.014301,1.547574,499.4718,6.474436,0.298774158
58,Sri Lanka,SAS,South Asia,SAS,South Asia (excluding high income),LMC,Lower middle income,IBD,IBRD,2019,67.1,4458.435,21803000,1.099454,1.200113,539.3177,6.746712,0.309439618
58,Sri Lanka,SAS,South Asia,SAS,South Asia (excluding high income),LMC,Lower middle income,IBD,IBRD,2020,69.3,4229.75,21919000,1.010968,1.216971,539.1407,5.798822,0.264556868
58,Sri Lanka,SAS,South Asia,SAS,South Asia (excluding high income),LMC,Lower middle income,IBD,IBRD,2021,66.7,4360.566,22156000,1.025596,1.857952,574.8742,5.466013,0.246705768
59,Sweden,ECS,Europe and Central Asia,,,HIC,High income,LNX,Not classified,2000,69.26,41561.1,8872109,6.535335,0.1939,2172.993,16.916,1.906649253
59,Sweden,ECS,Europe and Central Asia,,,HIC,High income,LNX,Not classified,2001,69.34,42013.7,8895960,6.526154,0.3220215,2368.584,16.947,1.905022055
59,Sweden,ECS,Europe and Central Asia,,,HIC,High income,LNX,Not classified,2002,69.44,42831.02,8924958,6.653958,0.399153,2543.597,16.965,1.900849281
59,Sweden,ECS,Europe and Central Asia,,,HIC,High income,LNX,Not classified,2003,69.63,43474.58,8958229,6.659329,0.4469387,2651.429,17.07,1.905510565
59,Sweden,ECS,Europe and Central Asia,,,HIC,High income,LNX,Not classified,2004,69.89,45113.83,8993531,6.456196,0.4669115,2758.132,16.941,1.883687286
59,Sweden,ECS,Europe and Central Asia,,,HIC,High income,LNX,Not classified,2005,69.96,46188.84,9029572,6.039179,0.4723203,2796.842,16.333917,1.808935905
59,Sweden,ECS,Europe and Central Asia,,,HIC,High income,LNX,Not classified,2006,70.1,48077.44,9080505,6.067515,0.694033,3049.112,16.261316,1.790794234
59,Sweden,ECS,Europe and Central Asia,,,HIC,High income,LNX,Not classified,2007,70.21,49261.24,9148092,5.776166,0.928519,3284.056,15.885634,1.736496966
59,Sweden,ECS,Europe and Central Asia,,,HIC,High income,LNX,Not classified,2008,70.31,48427.76,9219637,5.60867,0.9656531,3474.289,15.608829,1.692998217
59,Sweden,ECS,Europe and Central Asia,,,HIC,High income,LNX,Not classified,2009,70.46,45973.55,9298515,5.045816,1.035807,3548.65,14.532851,1.562921714
59,Sweden,ECS,Europe and Central Asia,,,HIC,High income,LNX,Not classified,2010,70.58,48204.66,9378126,5.638792,1.03375,3526.349,15.130237,1.61335399
59,Sweden,ECS,Europe and Central Asia,,,HIC,High income,LNX,Not classified,2011,70.72,49355.69,9449213,5.12848,1.038088,4663.241,13.961334,1.477512889
59,Sweden,ECS,Europe and Central Asia,,,HIC,High income,LNX,Not classified,2012,70.66,48788.87,9519374,4.803541,1.117727,4896.023,13.420522,1.409811401
59,Sweden,ECS,Europe and Central Asia,,,HIC,High income,LNX,Not classified,2013,70.74,48927.6,9600379,4.579632,1.215746,5073.838,13.063883,1.360767424
59,Sweden,ECS,Europe and Central Asia,,,HIC,High income,LNX,Not classified,2014,70.91,49556.7,9696110,4.411718,1.35346,5193.2,12.894967,1.329911377
59,Sweden,ECS,Europe and Central Asia,,,HIC,High income,LNX,Not classified,2015,70.76,51197.95,9799186,4.377741,1.411616,5333.402,12.725039,1.298581229
59,Sweden,ECS,Europe and Central Asia,,,HIC,High income,LNX,Not classified,2016,70.94,51746.7,9923085,4.296033,1.60132,5512.933,13.14796,1.324987139
59,Sweden,ECS,Europe and Central Asia,,,HIC,High income,LNX,Not classified,2017,70.98,51985.93,10057698,4.163935,1.685372,5637.697,13.399243,1.332237556
59,Sweden,ECS,Europe and Central Asia,,,HIC,High income,LNX,Not classified,2018,71.06,52363.38,10175214,3.874936,1.488151,5887.644,11.771793,1.156908641
59,Sweden,ECS,Europe and Central Asia,,,HIC,High income,LNX,Not classified,2019,71.41,53156.86,10278887,3.807786,1.330044,6228.781,11.999299,1.167373374
59,Sweden,ECS,Europe and Central Asia,,,HIC,High income,LNX,Not classified,2020,70.73,51715.78,10353442,3.65038,1.02894,6554.394,11.19079,1.080876292
59,Sweden,ECS,Europe and Central Asia,,,HIC,High income,LNX,Not classified,2021,71.12,54458.36,10415811,3.828871,0.8968138,7060.527,12.234912,1.174648042
60,Switzerland,ECS,Europe and Central Asia,,,HIC,High income,LNX,Not classified,2000,68.35,73749.94,7184250,6.235849,0.4870322,3361.162,12.209,1.699411908
60,Switzerland,ECS,Europe and Central Asia,,,HIC,High income,LNX,Not classified,2001,68.67,74439.46,7229854,6.393421,0.6218653,3591.015,13.079,1.809026849
60,Switzerland,ECS,Europe and Central Asia,,,HIC,High income,LNX,Not classified,2002,68.97,73824.38,7284753,6.122088,0.7919127,3839.387,12.396,1.701636281
60,Switzerland,ECS,Europe and Central Asia,,,HIC,High income,LNX,Not classified,2003,69.06,73254.95,7339001,6.252581,0.7773219,3940.29,12.062,1.643547943
60,Switzerland,ECS,Europe and Central Asia,,,HIC,High income,LNX,Not classified,2004,69.5,74718.69,7389625,6.283052,0.7214659,4122.575,12.347743,1.670956645
60,Switzerland,ECS,Europe and Central Asia,,,HIC,High income,LNX,Not classified,2005,69.67,76282.98,7437115,6.327964,0.6759925,4189.065,12.40372822,1.667814498
60,Switzerland,ECS,Europe and Central Asia,,,HIC,High income,LNX,Not classified,2006,69.87,78893.8,7483934,6.23052,0.6629463,4448.034,12.34427745,1.649436973
60,Switzerland,ECS,Europe and Central Asia,,,HIC,High income,LNX,Not classified,2007,69.99,81254.17,7551117,5.912714,0.9290482,4823.066,11.82656355,1.566200544
60,Switzerland,ECS,Europe and Central Asia,,,HIC,High income,LNX,Not classified,2008,70.15,82481.07,7647675,6.017241,1.305981,5165.475,12.25119563,1.601950348
60,Switzerland,ECS,Europe and Central Asia,,,HIC,High income,LNX,Not classified,2009,70.13,79585.52,7743831,5.766384,1.283458,5401.373,11.906733,1.537576556
60,Switzerland,ECS,Europe and Central Asia,,,HIC,High income,LNX,Not classified,2010,70.36,81315.42,7824909,5.921474,1.076896,5473.5,12.18010935,1.556581597
60,Switzerland,ECS,Europe and Central Asia,,,HIC,High income,LNX,Not classified,2011,70.5,81874.34,7912398,5.345863,1.144479,5849.252,11.270451,1.424403954
60,Switzerland,ECS,Europe and Central Asia,,,HIC,High income,LNX,Not classified,2012,70.56,81964.88,7996861,5.453265,1.091689,6183.486,11.497383,1.437737007
60,Switzerland,ECS,Europe and Central Asia,,,HIC,High income,LNX,Not classified,2013,70.64,82479.92,8089346,5.515501,1.178392,6585.528,11.695986,1.445850629
60,Switzerland,ECS,Europe and Central Asia,,,HIC,High income,LNX,Not classified,2014,70.92,83394.38,8188649,4.995903,1.249961,6826.279,10.612289,1.295975563
60,Switzerland,ECS,Europe and Central Asia,,,HIC,High income,LNX,Not classified,2015,70.76,83806.45,8282396,4.857652,1.168186,7221.055,10.691936,1.290923061
60,Switzerland,ECS,Europe and Central Asia,,,HIC,High income,LNX,Not classified,2016,71.2,84611.1,8373338,4.871378,1.120514,7605.062,10.09417,1.205513261
60,Switzerland,ECS,Europe and Central Asia,,,HIC,High income,LNX,Not classified,2017,71.22,84967.59,8451840,4.70985,0.9629864,7812.738,10.345952,1.224106467
60,Switzerland,ECS,Europe and Central Asia,,,HIC,High income,LNX,Not classified,2018,71.36,86756.6,8514329,4.521942,0.7854177,7944.556,9.934108,1.166751719
60,Switzerland,ECS,Europe and Central Asia,,,HIC,High income,LNX,Not classified,2019,71.53,87123.66,8575280,4.475562,0.7837658,8454.885,10.188705,1.188148375
60,Switzerland,ECS,Europe and Central Asia,,,HIC,High income,LNX,Not classified,2020,70.87,84637.02,8638167,4.154446,0.8199982,8795.408,8.470939,0.9806408
60,Switzerland,ECS,Europe and Central Asia,,,HIC,High income,LNX,Not classified,2021,71.15,88520.32,8704546,4.317193,0.8750308,9834.878,8.486266,0.974923448
61,Thailand,EAS,East Asia and Pacific,EAP,East Asia and Pacific (excluding high income),UMC,Upper middle income,IBD,IBRD,2000,62.21,3514.717,63007815,2.774583,2.468792,226.0258,34.65246994,0.549970983
61,Thailand,EAS,East Asia and Pacific,EAP,East Asia and Pacific (excluding high income),UMC,Upper middle income,IBD,IBRD,2001,62.79,3599.025,63651141,2.882773,4.651245,230.9373,34.17553311,0.536919411
61,Thailand,EAS,East Asia and Pacific,EAP,East Asia and Pacific (excluding high income),UMC,Upper middle income,IBD,IBRD,2002,62.82,3783.754,64266437,3.034656,4.54106,271.7099,36.91461708,0.574399621
61,Thailand,EAS,East Asia and Pacific,EAP,East Asia and Pacific (excluding high income),UMC,Upper middle income,IBD,IBRD,2003,63.11,4018.155,64868166,3.127485,4.447417,286.1548,40.41424346,0.623021213
61,Thailand,EAS,East Asia and Pacific,EAP,East Asia and Pacific (excluding high income),UMC,Upper middle income,IBD,IBRD,2004,63.14,4232.771,65452047,3.377601,4.350224,299.5859,44.836528,0.685028659
61,Thailand,EAS,East Asia and Pacific,EAP,East Asia and Pacific (excluding high income),UMC,Upper middle income,IBD,IBRD,2005,63.82,4372.257,66017420,3.471457,4.236325,321.2765,44.69259456,0.676981842
61,Thailand,EAS,East Asia and Pacific,EAP,East Asia and Pacific (excluding high income),UMC,Upper middle income,IBD,IBRD,2006,64.3,4551.525,66567687,3.497249,4.147755,338.2205,44.30592357,0.665577032
61,Thailand,EAS,East Asia and Pacific,EAP,East Asia and Pacific (excluding high income),UMC,Upper middle income,IBD,IBRD,2007,64.75,4760.667,67102394,3.543681,4.04874,374.2309,43.72204396,0.651572043
61,Thailand,EAS,East Asia and Pacific,EAP,East Asia and Pacific (excluding high income),UMC,Upper middle income,IBD,IBRD,2008,65.19,4805.764,67619830,3.532949,3.951005,417.1668,41.11707248,0.608062346
61,Thailand,EAS,East Asia and Pacific,EAP,East Asia and Pacific (excluding high income),UMC,Upper middle income,IBD,IBRD,2009,65.67,4737.457,68121080,3.404862,3.844361,433.0224,42.33667085,0.62149148
61,Thailand,EAS,East Asia and Pacific,EAP,East Asia and Pacific (excluding high income),UMC,Upper middle income,IBD,IBRD,2010,65.88,5059.357,68579447,3.591217,3.710238,438.3539,43.58720572,0.635572429
61,Thailand,EAS,East Asia and Pacific,EAP,East Asia and Pacific (excluding high income),UMC,Upper middle income,IBD,IBRD,2011,66.21,5070.237,69007208,3.574269,2.523531,471.9894,44.0947235,0.638987213
61,Thailand,EAS,East Asia and Pacific,EAP,East Asia and Pacific (excluding high income),UMC,Upper middle income,IBD,IBRD,2012,66.56,5403.878,69436098,3.812528,2.276996,511.8225,45.83502643,0.660103718
61,Thailand,EAS,East Asia and Pacific,EAP,East Asia and Pacific (excluding high income),UMC,Upper middle income,IBD,IBRD,2013,66.84,5516.612,69845114,3.950865,2.219873,519.093,47.33889498,0.6777696
61,Thailand,EAS,East Asia and Pacific,EAP,East Asia and Pacific (excluding high income),UMC,Upper middle income,IBD,IBRD,2014,67,5541.466,70216367,3.878392,2.140711,555.9257,47.81540988,0.680972427
61,Thailand,EAS,East Asia and Pacific,EAP,East Asia and Pacific (excluding high income),UMC,Upper middle income,IBD,IBRD,2015,67.16,5688.854,70540795,3.965615,2.048128,593.7427,49.06914592,0.695613736
61,Thailand,EAS,East Asia and Pacific,EAP,East Asia and Pacific (excluding high income),UMC,Upper middle income,IBD,IBRD,2016,67.19,5857.781,70859841,3.895124,2.019811,637.0692,50.82234678,0.717223551
61,Thailand,EAS,East Asia and Pacific,EAP,East Asia and Pacific (excluding high income),UMC,Upper middle income,IBD,IBRD,2017,67.36,6076.743,71160187,3.891777,1.963219,652.8677,52.34588793,0.735606385
61,Thailand,EAS,East Asia and Pacific,EAP,East Asia and Pacific (excluding high income),UMC,Upper middle income,IBD,IBRD,2018,67.31,6314.2,71376079,3.847028,1.813816,697.6703,53.44182765,0.748735829
61,Thailand,EAS,East Asia and Pacific,EAP,East Asia and Pacific (excluding high income),UMC,Upper middle income,IBD,IBRD,2019,67.14,6434.538,71522271,3.976938,1.681172,709.0226,54.05247736,0.755743304
61,Thailand,EAS,East Asia and Pacific,EAP,East Asia and Pacific (excluding high income),UMC,Upper middle income,IBD,IBRD,2020,66.75,6035.186,71641484,3.830728,1.611894,774.2476,48.41173043,0.675749967
61,Thailand,EAS,East Asia and Pacific,EAP,East Asia and Pacific (excluding high income),UMC,Upper middle income,IBD,IBRD,2021,65.76,6122.492,71727332,3.729279,1.534935,971.28,48.61071695,0.677715392
62,Trinidad and Tobago,LCN,Latin America and Caribbean,,,HIC,High income,IBD,IBRD,2000,61.4,10027.11,1319774,14.49741,0.6245916,601.0024,1.451556384,1.099852235
62,Trinidad and Tobago,LCN,Latin America and Caribbean,,,HIC,High income,IBD,IBRD,2001,61.5,10399.45,1325567,16.39344,0.1028177,606.1129,1.499495771,1.131210849
62,Trinidad and Tobago,LCN,Latin America and Caribbean,,,HIC,High income,IBD,IBRD,2002,61.9,11170.52,1332011,17.63972,0.1470663,774.127,1.632284835,1.225428946
62,Trinidad and Tobago,LCN,Latin America and Caribbean,,,HIC,High income,IBD,IBRD,2003,61.8,12719.69,1338709,20.27506,0.1642635,795.7949,1.638347279,1.223826298
62,Trinidad and Tobago,LCN,Latin America and Caribbean,,,HIC,High income,IBD,IBRD,2004,62.1,13662.83,1345380,21.41536,0.1567172,903.353,1.761060977,1.308969196
62,Trinidad and Tobago,LCN,Latin America and Caribbean,,,HIC,High income,IBD,IBRD,2005,62.3,15081.57,1294494,27.05281,-4.196988,1010.895,1.966219279,1.518909534
62,Trinidad and Tobago,LCN,Latin America and Caribbean,,,HIC,High income,IBD,IBRD,2006,62.7,17028.17,1297944,29.70398,-0.0764826,1100.71,2.018239898,1.554951445
62,Trinidad and Tobago,LCN,Latin America and Caribbean,,,HIC,High income,IBD,IBRD,2007,62.8,17765.95,1303188,30.25128,0.057508,1179.412,2.082108973,1.597704224
62,Trinidad and Tobago,LCN,Latin America and Caribbean,,,HIC,High income,IBD,IBRD,2008,62.5,18292.74,1308587,29.44328,0.0684322,1086.837,2.215298987,1.692893928
62,Trinidad and Tobago,LCN,Latin America and Caribbean,,,HIC,High income,IBD,IBRD,2009,63.1,17469.09,1310106,28.57357,-0.2319033,1570.682,2.137515484,1.63155919
62,Trinidad and Tobago,LCN,Latin America and Caribbean,,,HIC,High income,IBD,IBRD,2010,63.5,17945.42,1317714,31.13157,0.2316224,1510.127,2.189469316,1.661566406
62,Trinidad and Tobago,LCN,Latin America and Caribbean,,,HIC,High income,IBD,IBRD,2011,64,17753.75,1328019,31.06582,0.4284979,1416.619,2.157309606,1.624456883
62,Trinidad and Tobago,LCN,Latin America and Caribbean,,,HIC,High income,IBD,IBRD,2012,64.5,18973.34,1335194,28.50185,0.2319143,1404.628,1.972764515,1.477511519
62,Trinidad and Tobago,LCN,Latin America and Caribbean,,,HIC,High income,IBD,IBRD,2013,64.3,19564.85,1340557,27.82023,0.137776,1448.86,2.090766511,1.559625224
62,Trinidad and Tobago,LCN,Latin America and Caribbean,,,HIC,High income,IBD,IBRD,2014,64.3,20246.52,1345343,27.60604,0.1375865,1480.944,1.983009977,1.473980967
62,Trinidad and Tobago,LCN,Latin America and Caribbean,,,HIC,High income,IBD,IBRD,2015,64.3,20024.75,1349667,27.19478,0.1447626,1596.793,2.132972736,1.580369629
62,Trinidad and Tobago,LCN,Latin America and Caribbean,,,HIC,High income,IBD,IBRD,2016,63.9,18459.64,1353895,24.87534,0.1832598,1728.522,2.19511442,1.621332836
62,Trinidad and Tobago,LCN,Latin America and Caribbean,,,HIC,High income,IBD,IBRD,2017,64,17537.95,1356633,23.9644,0.1175536,1764.531,1.967306392,1.450138978
62,Trinidad and Tobago,LCN,Latin America and Caribbean,,,HIC,High income,IBD,IBRD,2018,64,17399.46,1359193,23.97606,0.1489614,1752.651,1.695902692,1.247727653
62,Trinidad and Tobago,LCN,Latin America and Caribbean,,,HIC,High income,IBD,IBRD,2019,64.1,17400.97,1363985,24.33018,0.3576522,1878.991,1.693744876,1.241762099
62,Trinidad and Tobago,LCN,Latin America and Caribbean,,,HIC,High income,IBD,IBRD,2020,63.6,15789.61,1366725,21.78353,0.2513851,1895.802,1.446930682,1.058684579
62,Trinidad and Tobago,LCN,Latin America and Caribbean,,,HIC,High income,IBD,IBRD,2021,61.9,15616.29,1367558,20.95611,0.1567611,1857.666,1.41319417,1.033370555
63,Turkey,ECS,Europe and Central Asia,ECA,Europe and Central Asia (excluding high income),UMC,Upper middle income,IBD,IBRD,2000,63.63,6325.096,65425961,3.47028,2.086304,428.1475,30.851,0.471540647
63,Turkey,ECS,Europe and Central Asia,ECA,Europe and Central Asia (excluding high income),UMC,Upper middle income,IBD,IBRD,2001,64.19,5887.686,66245128,3.120553,2.165251,439.6772,28.74,0.433843225
63,Turkey,ECS,Europe and Central Asia,ECA,Europe and Central Asia (excluding high income),UMC,Upper middle income,IBD,IBRD,2002,64.75,6192.186,67048795,3.241917,2.171503,462.4058,30.825,0.459739806
63,Turkey,ECS,Europe and Central Asia,ECA,Europe and Central Asia (excluding high income),UMC,Upper middle income,IBD,IBRD,2003,65.15,6473.463,67831730,3.386053,2.108333,473.9136,30.374,0.44778454
63,Turkey,ECS,Europe and Central Asia,ECA,Europe and Central Asia (excluding high income),UMC,Upper middle income,IBD,IBRD,2004,65.55,7028.755,68592617,3.438657,2.046542,526.6525,31.02,0.45223526
63,Turkey,ECS,Europe and Central Asia,ECA,Europe and Central Asia (excluding high income),UMC,Upper middle income,IBD,IBRD,2005,65.84,7579.372,69329557,3.549306,1.979319,575.3721,30.663,0.442278897
63,Turkey,ECS,Europe and Central Asia,ECA,Europe and Central Asia (excluding high income),UMC,Upper middle income,IBD,IBRD,2006,66.13,8023.151,70045349,3.911452,1.922311,694.4634,31.967,0.456375769
63,Turkey,ECS,Europe and Central Asia,ECA,Europe and Central Asia (excluding high income),UMC,Upper middle income,IBD,IBRD,2007,66.32,8414.254,70158112,4.280427,1.037934,772.1247,32.528,0.463638474
63,Turkey,ECS,Europe and Central Asia,ECA,Europe and Central Asia (excluding high income),UMC,Upper middle income,IBD,IBRD,2008,66.35,8376.149,71051678,4.215612,2.127876,830.8455,31.963,0.449855667
63,Turkey,ECS,Europe and Central Asia,ECA,Europe and Central Asia (excluding high income),UMC,Upper middle income,IBD,IBRD,2009,66.18,7862.871,72039206,4.183302,2.223817,843.4661,32.463,0.45062962
63,Turkey,ECS,Europe and Central Asia,ECA,Europe and Central Asia (excluding high income),UMC,Upper middle income,IBD,IBRD,2010,66.33,8396.924,73142150,4.26766,2.347417,868.3162,31.19,0.426429904
63,Turkey,ECS,Europe and Central Asia,ECA,Europe and Central Asia (excluding high income),UMC,Upper middle income,IBD,IBRD,2011,66.47,9201.337,74223629,4.482811,2.279158,911.6805,30.284,0.408010231
63,Turkey,ECS,Europe and Central Asia,ECA,Europe and Central Asia (excluding high income),UMC,Upper middle income,IBD,IBRD,2012,66.56,9519.815,75175827,4.577614,2.072624,916.5173,32.317,0.429885527
63,Turkey,ECS,Europe and Central Asia,ECA,Europe and Central Asia (excluding high income),UMC,Upper middle income,IBD,IBRD,2013,66.54,10195.85,76147624,4.384122,2.055325,974.6654,34.957,0.459068821
63,Turkey,ECS,Europe and Central Asia,ECA,Europe and Central Asia (excluding high income),UMC,Upper middle income,IBD,IBRD,2014,66.47,10556.12,77181884,4.604101,2.099051,1031.172,35.711,0.462686296
63,Turkey,ECS,Europe and Central Asia,ECA,Europe and Central Asia (excluding high income),UMC,Upper middle income,IBD,IBRD,2015,66.43,11050,78218479,4.702266,2.062196,1040.568,42.421981,0.542352415
63,Turkey,ECS,Europe and Central Asia,ECA,Europe and Central Asia (excluding high income),UMC,Upper middle income,IBD,IBRD,2016,66.44,11264.61,79277962,4.934895,2.053404,1110.579,45.565731,0.574759111
63,Turkey,ECS,Europe and Central Asia,ECA,Europe and Central Asia (excluding high income),UMC,Upper middle income,IBD,IBRD,2017,66.77,11953.67,80312698,5.393644,1.982344,1139.103,49.33437348,0.614278622
63,Turkey,ECS,Europe and Central Asia,ECA,Europe and Central Asia (excluding high income),UMC,Upper middle income,IBD,IBRD,2018,67.16,12148.29,81407204,5.26873,2.019885,1124.656,49.55182295,0.608690884
63,Turkey,ECS,Europe and Central Asia,ECA,Europe and Central Asia (excluding high income),UMC,Upper middle income,IBD,IBRD,2019,67.24,12073.87,82579440,5.008961,2.075703,1200.392,48.93937792,0.592633928
63,Turkey,ECS,Europe and Central Asia,ECA,Europe and Central Asia (excluding high income),UMC,Upper middle income,IBD,IBRD,2020,66.03,12179.66,83384680,5.07041,1.596481,1282.363,47.04009557,0.56413355
63,Turkey,ECS,Europe and Central Asia,ECA,Europe and Central Asia (excluding high income),UMC,Upper middle income,IBD,IBRD,2021,65.21,13449.93,84147318,5.474392,1.518278,1400.619,49.57585364,0.589155481
64,Turkmenistan,ECS,Europe and Central Asia,ECA,Europe and Central Asia (excluding high income),UMC,Upper middle income,IBD,IBRD,2000,60.8,2255.015,4582677,8.58435,2.483773,171.8861,4.844718249,1.057180824
64,Turkmenistan,ECS,Europe and Central Asia,ECA,Europe and Central Asia (excluding high income),UMC,Upper middle income,IBD,IBRD,2001,60.5,2306.301,4675409,8.616808,2.490027,245.3053,3.895572779,0.833204706
64,Turkmenistan,ECS,Europe and Central Asia,ECA,Europe and Central Asia (excluding high income),UMC,Upper middle income,IBD,IBRD,2002,61.1,2266.634,4769465,9.061687,2.478246,243.6967,4.591744242,0.9627378
64,Turkmenistan,ECS,Europe and Central Asia,ECA,Europe and Central Asia (excluding high income),UMC,Upper middle income,IBD,IBRD,2003,61.1,2295.296,4863865,9.899863,2.444088,345.9105,4.285803969,0.881151917
64,Turkmenistan,ECS,Europe and Central Asia,ECA,Europe and Central Asia (excluding high income),UMC,Upper middle income,IBD,IBRD,2004,61,2364.267,4958093,10.35138,2.400554,507.465,5.990468976,1.208220373
64,Turkmenistan,ECS,Europe and Central Asia,ECA,Europe and Central Asia (excluding high income),UMC,Upper middle income,IBD,IBRD,2005,61,2622.618,5052257,10.47007,2.392791,524.4631,4.90630456,0.971111438
64,Turkmenistan,ECS,Europe and Central Asia,ECA,Europe and Central Asia (excluding high income),UMC,Upper middle income,IBD,IBRD,2006,60.9,2856.775,5147105,10.67748,2.402519,518.5269,4.998934024,0.971212754
64,Turkmenistan,ECS,Europe and Central Asia,ECA,Europe and Central Asia (excluding high income),UMC,Upper middle income,IBD,IBRD,2007,60.9,3114.063,5244046,11.59151,2.441339,364.9234,4.509988801,0.860020832
64,Turkmenistan,ECS,Europe and Central Asia,ECA,Europe and Central Asia (excluding high income),UMC,Upper middle income,IBD,IBRD,2008,61,3504.348,5345029,11.58785,2.508696,467.3112,6.28602485,1.176050654
64,Turkmenistan,ECS,Europe and Central Asia,ECA,Europe and Central Asia (excluding high income),UMC,Upper middle income,IBD,IBRD,2009,61.2,3645.435,5451592,10.02076,2.607165,398.7113,4.651465912,0.853230747
64,Turkmenistan,ECS,Europe and Central Asia,ECA,Europe and Central Asia (excluding high income),UMC,Upper middle income,IBD,IBRD,2010,61.1,3900.142,5564356,11.07988,2.707386,448.1901,5.337857513,0.959294753
64,Turkmenistan,ECS,Europe and Central Asia,ECA,Europe and Central Asia (excluding high income),UMC,Upper middle income,IBD,IBRD,2011,60.9,4379.75,5683417,11.637,2.803547,503.4946,4.959441477,0.872616153
64,Turkmenistan,ECS,Europe and Central Asia,ECA,Europe and Central Asia (excluding high income),UMC,Upper middle income,IBD,IBRD,2012,60.4,4761.079,5808546,11.75778,2.892049,522.2475,7.126022717,1.226816955
64,Turkmenistan,ECS,Europe and Central Asia,ECA,Europe and Central Asia (excluding high income),UMC,Upper middle income,IBD,IBRD,2013,59.3,5131.167,5939341,10.98986,2.968335,592.8501,6.179225606,1.040389095
64,Turkmenistan,ECS,Europe and Central Asia,ECA,Europe and Central Asia (excluding high income),UMC,Upper middle income,IBD,IBRD,2014,58.6,5533.035,6075283,10.40011,3.02715,667.3593,6.951721861,1.144263051
64,Turkmenistan,ECS,Europe and Central Asia,ECA,Europe and Central Asia (excluding high income),UMC,Upper middle income,IBD,IBRD,2015,58.2,5759.498,6215770,10.54313,3.076229,771.9932,5.662217132,0.910943798
64,Turkmenistan,ECS,Europe and Central Asia,ECA,Europe and Central Asia (excluding high income),UMC,Upper middle income,IBD,IBRD,2016,57.8,5977.838,6360041,10.31386,3.108037,817.402,8.075901089,1.269787583
64,Turkmenistan,ECS,Europe and Central Asia,ECA,Europe and Central Asia (excluding high income),UMC,Upper middle income,IBD,IBRD,2017,58.1,6222.556,6507061,10.08073,3.119609,885.9111,6.363330736,0.977911646
64,Turkmenistan,ECS,Europe and Central Asia,ECA,Europe and Central Asia (excluding high income),UMC,Upper middle income,IBD,IBRD,2018,58.2,6460.943,6655524,9.730669,3.112398,897.4785,6.794511993,1.020883103
64,Turkmenistan,ECS,Europe and Central Asia,ECA,Europe and Central Asia (excluding high income),UMC,Upper middle income,IBD,IBRD,2019,58.2,6718.166,6803944,9.623639,3.083583,823.2251,5.950435119,0.874556745
64,Turkmenistan,ECS,Europe and Central Asia,ECA,Europe and Central Asia (excluding high income),UMC,Upper middle income,IBD,IBRD,2020,58.2,6965.112,6949912,9.597445,3.017806,802.4177,8.002447087,1.151445815
64,Turkmenistan,ECS,Europe and Central Asia,ECA,Europe and Central Asia (excluding high income),UMC,Upper middle income,IBD,IBRD,2021,57.8,7248.708,7092043,9.20605,2.93807,807.5899,6.206892732,0.875191074
65,Ukraine,ECS,Europe and Central Asia,ECA,Europe and Central Asia (excluding high income),LMC,Lower middle income,IBD,IBRD,2000,58.79,1409.223,49556660,7.264858,-0.7854167,224.0465,11.82,0.238514864
65,Ukraine,ECS,Europe and Central Asia,ECA,Europe and Central Asia (excluding high income),LMC,Lower middle income,IBD,IBRD,2001,58.93,1547.278,49106855,7.311882,-0.8552245,261.7427,13.05,0.265747012
65,Ukraine,ECS,Europe and Central Asia,ECA,Europe and Central Asia (excluding high income),LMC,Lower middle income,IBD,IBRD,2002,58.82,1644.281,48677281,7.388393,-0.7298848,295.6538,13.2,0.271173733
65,Ukraine,ECS,Europe and Central Asia,ECA,Europe and Central Asia (excluding high income),LMC,Lower middle income,IBD,IBRD,2003,58.93,1814.259,48315136,8.113813,-0.5329592,363.3856,13.662,0.28276853
65,Ukraine,ECS,Europe and Central Asia,ECA,Europe and Central Asia (excluding high income),LMC,Lower middle income,IBD,IBRD,2004,58.91,2042.445,47979507,7.665883,-0.445285,395.8668,13.697,0.285476047
65,Ukraine,ECS,Europe and Central Asia,ECA,Europe and Central Asia (excluding high income),LMC,Lower middle income,IBD,IBRD,2005,58.71,2122.602,47585556,7.482739,-0.5393627,436.5191,14.051,0.295278677
65,Ukraine,ECS,Europe and Central Asia,ECA,Europe and Central Asia (excluding high income),LMC,Lower middle income,IBD,IBRD,2006,59.26,2298.132,47278694,7.515197,-0.3832465,492.6538,14.40561,0.304695599
65,Ukraine,ECS,Europe and Central Asia,ECA,Europe and Central Asia (excluding high income),LMC,Lower middle income,IBD,IBRD,2007,59.12,2498.352,47062798,7.783519,-0.1961508,515.8123,14.85708,0.315686288
65,Ukraine,ECS,Europe and Central Asia,ECA,Europe and Central Asia (excluding high income),LMC,Lower middle income,IBD,IBRD,2008,59.39,2567.694,46819175,7.489089,-0.2581412,493.5891,14.217438,0.303666991
65,Ukraine,ECS,Europe and Central Asia,ECA,Europe and Central Asia (excluding high income),LMC,Lower middle income,IBD,IBRD,2009,60.66,2188.17,46623731,6.234158,-0.1595967,508.9856,13.861181,0.297298837
65,Ukraine,ECS,Europe and Central Asia,ECA,Europe and Central Asia (excluding high income),LMC,Lower middle income,IBD,IBRD,2010,61.2,2285.934,46456003,6.766215,-0.2232673,554.7205,13.292236,0.286125261
65,Ukraine,ECS,Europe and Central Asia,ECA,Europe and Central Asia (excluding high income),LMC,Lower middle income,IBD,IBRD,2011,61.81,2418.121,46307853,7.19581,-0.1839299,599.4523,13.249702,0.28612214
65,Ukraine,ECS,Europe and Central Asia,ECA,Europe and Central Asia (excluding high income),LMC,Lower middle income,IBD,IBRD,2012,61.95,2426.929,46210056,7.029245,-0.0761095,656.1725,13.131028,0.284159534
65,Ukraine,ECS,Europe and Central Asia,ECA,Europe and Central Asia (excluding high income),LMC,Lower middle income,IBD,IBRD,2013,62.33,2432.416,46126770,6.833021,-0.045278,732.137,12.425719,0.269381945
65,Ukraine,ECS,Europe and Central Asia,ECA,Europe and Central Asia (excluding high income),LMC,Lower middle income,IBD,IBRD,2014,61.81,2308.644,45972380,5.856825,-0.2003339,723.0486,10.963802,0.238486717
65,Ukraine,ECS,Europe and Central Asia,ECA,Europe and Central Asia (excluding high income),LMC,Lower middle income,IBD,IBRD,2015,62.8,2094.474,45784896,4.936916,-0.2738983,740.3416,9.851105295,0.215160591
65,Ukraine,ECS,Europe and Central Asia,ECA,Europe and Central Asia (excluding high income),LMC,Lower middle income,IBD,IBRD,2016,63.17,2156.083,45616832,4.98039,-0.2331753,787.5769,10.30542765,0.225912831
65,Ukraine,ECS,Europe and Central Asia,ECA,Europe and Central Asia (excluding high income),LMC,Lower middle income,IBD,IBRD,2017,63.46,2217.753,45436041,4.523704,-0.2641645,825.7988,10.371849,0.228273608
65,Ukraine,ECS,Europe and Central Asia,ECA,Europe and Central Asia (excluding high income),LMC,Lower middle income,IBD,IBRD,2018,63.25,2308.667,45208907,4.82984,-0.3481923,888.3372,10.813213,0.239183243
65,Ukraine,ECS,Europe and Central Asia,ECA,Europe and Central Asia (excluding high income),LMC,Lower middle income,IBD,IBRD,2019,63.47,2398.078,44957458,4.623106,-0.3834246,885.1906,10.624148,0.236315585
65,Ukraine,ECS,Europe and Central Asia,ECA,Europe and Central Asia (excluding high income),LMC,Lower middle income,IBD,IBRD,2020,62.99,2324.107,44680014,4.446228,-0.4249073,925.7754,10.02529325,0.224379814
65,Ukraine,ECS,Europe and Central Asia,ECA,Europe and Central Asia (excluding high income),LMC,Lower middle income,IBD,IBRD,2021,61.55,2426.612,44298640,4.380606,-0.6434045,1094.813,10.13867957,0.228871125
66,United Kingdom,ECS,Europe and Central Asia,,,HIC,High income,LNX,Not classified,2000,67.28,38921.9,58892514,9.367569,0.4336157,1902.187,78.58768677,1.334425743
66,United Kingdom,ECS,Europe and Central Asia,,,HIC,High income,LNX,Not classified,2001,67.34,39769.87,59119673,9.521509,0.5120403,2084.524,78.24061,1.323427652
66,United Kingdom,ECS,Europe and Central Asia,,,HIC,High income,LNX,Not classified,2002,67.45,40312.98,59370479,9.211748,0.798501,2296.838,77.68001,1.308394531
66,United Kingdom,ECS,Europe and Central Asia,,,HIC,High income,LNX,Not classified,2003,67.52,41390.61,59647577,9.395638,0.8343598,2455.161,78.21817266,1.311338643
66,United Kingdom,ECS,Europe and Central Asia,,,HIC,High income,LNX,Not classified,2004,67.92,42167.36,59987905,9.35085,0.9337974,2681.681,80.54253413,1.342646224
66,United Kingdom,ECS,Europe and Central Asia,,,HIC,High income,LNX,Not classified,2005,68.1,43023.23,60401206,9.260218,1.045134,2757.136,82.86638873,1.371932685
66,United Kingdom,ECS,Europe and Central Asia,,,HIC,High income,LNX,Not classified,2006,68.31,43724.89,60846820,9.199442,1.089795,2979.257,81.95865644,1.346966965
66,United Kingdom,ECS,Europe and Central Asia,,,HIC,High income,LNX,Not classified,2007,68.44,44524.57,61322463,8.972711,1.12719,3123.509,79.60829737,1.298191453
66,United Kingdom,ECS,Europe and Central Asia,,,HIC,High income,LNX,Not classified,2008,68.51,44065.62,61806995,8.63572,1.131869,3334.55,78.19063568,1.265077451
66,United Kingdom,ECS,Europe and Central Asia,,,HIC,High income,LNX,Not classified,2009,68.84,41712.83,62276270,7.761566,1.095105,3462.001,74.43959318,1.195312327
66,United Kingdom,ECS,Europe and Central Asia,,,HIC,High income,LNX,Not classified,2010,69.01,42311.43,62766365,7.976063,1.117771,3586.554,73.25508807,1.167107384
66,United Kingdom,ECS,Europe and Central Asia,,,HIC,High income,LNX,Not classified,2011,69.29,42459.96,63258810,7.256181,1.110599,3660.028,71.72615541,1.13385243
66,United Kingdom,ECS,Europe and Central Asia,,,HIC,High income,LNX,Not classified,2012,69.31,42802.02,63700215,7.553977,1.022146,3804.998,69.83322083,1.096279201
66,United Kingdom,ECS,Europe and Central Asia,,,HIC,High income,LNX,Not classified,2013,69.35,43281.58,64128273,7.331739,0.9930323,4000.629,68.48224722,1.067894768
66,United Kingdom,ECS,Europe and Central Asia,,,HIC,High income,LNX,Not classified,2014,69.52,44336.54,64602298,6.663791,1.056285,4103.748,68.50169576,1.060360047
66,United Kingdom,ECS,Europe and Central Asia,,,HIC,High income,LNX,Not classified,2015,69.33,44964.39,65116219,6.386366,1.108748,4197.038,70.28854808,1.07943227
66,United Kingdom,ECS,Europe and Central Asia,,,HIC,High income,LNX,Not classified,2016,69.44,45482.47,65611593,5.995037,1.072052,4320.138,71.77282214,1.093904581
66,United Kingdom,ECS,Europe and Central Asia,,,HIC,High income,LNX,Not classified,2017,69.54,46374.58,66058859,5.771904,0.9889589,4435.121,72.7284289,1.100964049
66,United Kingdom,ECS,Europe and Central Asia,,,HIC,High income,LNX,Not classified,2018,69.31,46742.15,66460344,5.615687,0.9121611,4598.772,71.8653161,1.081326273
66,United Kingdom,ECS,Europe and Central Asia,,,HIC,High income,LNX,Not classified,2019,69.74,47234.25,66836327,5.346383,0.8682309,4982.202,70.42917593,1.05375593
66,United Kingdom,ECS,Europe and Central Asia,,,HIC,High income,LNX,Not classified,2020,68.75,42215.88,67081234,4.755648,0.6653625,5748.905,54.1823968,0.807713179
66,United Kingdom,ECS,Europe and Central Asia,,,HIC,High income,LNX,Not classified,2021,68.64,45873.87,67026292,5.065106,0.2143937,6327.105,56.30523533,0.840046997
67,United States,NAC,North America,,,HIC,High income,LNX,Not classified,2000,65.32,48616.25,282162411,21.01262,1.512011,4548.555,878.3429674,3.112898576
67,United States,NAC,North America,,,HIC,High income,LNX,Not classified,2001,65.36,48597.43,284968955,20.62631,1.21338,4901.675,878.4681338,3.082680125
67,United States,NAC,North America,,,HIC,High income,LNX,Not classified,2002,65.43,48967.37,287625193,19.91117,1.148419,5327.937,877.7161995,3.051597081
67,United States,NAC,North America,,,HIC,High income,LNX,Not classified,2003,65.53,49905.52,290107933,19.96875,1.07836,5732.244,891.7346344,3.073802999
67,United States,NAC,North America,,,HIC,High income,LNX,Not classified,2004,65.82,51348.35,292805298,20.0822,1.143885,6071.844,925.3144371,3.160169722
67,United States,NAC,North America,,,HIC,High income,LNX,Not classified,2005,65.81,52649.57,295516599,19.92547,1.135885,6428.602,927.0350397,3.136998202
67,United States,NAC,North America,,,HIC,High income,LNX,Not classified,2006,66,53596.32,298379912,19.40547,1.177968,6802.475,914.7674921,3.065781091
67,United States,NAC,North America,,,HIC,High income,LNX,Not classified,2007,66.16,54152.83,301231207,19.49649,1.163068,7153.731,908.7347365,3.016735038
67,United States,NAC,North America,,,HIC,High income,LNX,Not classified,2008,66.22,53703.96,304093966,18.70975,1.156186,7364.938,848.0586407,2.788804565
67,United States,NAC,North America,,,HIC,High income,LNX,Not classified,2009,66.44,51863.62,306771529,17.18972,1.08529,7614.824,801.8265795,2.613758135
67,United States,NAC,North America,,,HIC,High income,LNX,Not classified,2010,66.56,52821.41,309327143,17.8509,1.035345,7836.088,813.4516638,2.629745505
67,United States,NAC,North America,,,HIC,High income,LNX,Not classified,2011,66.56,53259.25,311583481,17.03529,0.9395054,8015.781,796.5838201,2.556566277
67,United States,NAC,North America,,,HIC,High income,LNX,Not classified,2012,66.59,54080.23,313877662,16.21019,0.9495655,8262.291,777.685118,2.477669526
67,United States,NAC,North America,,,HIC,High income,LNX,Not classified,2013,66.53,54844.24,316059947,16.53173,0.9145104,8411.429,789.8941579,2.499190946
67,United States,NAC,North America,,,HIC,High income,LNX,Not classified,2014,66.5,55817.56,318386329,16.47078,0.9594308,8796.183,794.9132654,2.496694088
67,United States,NAC,North America,,,HIC,High income,LNX,Not classified,2015,66.31,57040.21,320738994,16.00435,0.9666748,9200.858,811.5545646,2.530264732
67,United States,NAC,North America,,,HIC,High income,LNX,Not classified,2016,66.17,57658.67,323071755,15.56683,0.958268,9536.206,817.3685618,2.529990781
67,United States,NAC,North America,,,HIC,High income,LNX,Not classified,2017,66.03,58703.14,325122128,15.25508,0.8717853,9822.379,824.9832253,2.537456402
67,United States,NAC,North America,,,HIC,High income,LNX,Not classified,2018,66.02,60127.21,326838199,15.65948,0.7674375,10182.26,844.0479338,2.582464156
67,United States,NAC,North America,,,HIC,High income,LNX,Not classified,2019,66.02,61400.55,328329953,15.12792,0.7018678,10546.01,842.7124478,2.566663322
67,United States,NAC,North America,,,HIC,High income,LNX,Not classified,2020,64.43,59493.14,331526933,13.47113,1.217299,11672.77,739.5672663,2.230790903
67,United States,NAC,North America,,,HIC,High income,LNX,Not classified,2021,63.91,62996.29,332048977,14.32073,0.4098544,11999.09,808.1644545,2.433871237
68,Uzbekistan,ECS,Europe and Central Asia,ECA,Europe and Central Asia (excluding high income),LMC,Lower middle income,IDB,Blend,2000,54.7,1269.721,24787054,5.27157,2.31328,159.572,6.696,0.270141018
68,Uzbekistan,ECS,Europe and Central Asia,ECA,Europe and Central Asia (excluding high income),LMC,Lower middle income,IDB,Blend,2001,55.1,1306.606,25090283,5.258502,2.251158,171.3266,6.613,0.263568171
68,Uzbekistan,ECS,Europe and Central Asia,ECA,Europe and Central Asia (excluding high income),LMC,Lower middle income,IDB,Blend,2002,55.2,1341.96,25399980,5.359004,2.255671,175.438,6.567,0.258543511
68,Uzbekistan,ECS,Europe and Central Asia,ECA,Europe and Central Asia (excluding high income),LMC,Lower middle income,IDB,Blend,2003,55.7,1381.826,25711259,4.984116,2.238571,185.7666,5.837,0.227021166
68,Uzbekistan,ECS,Europe and Central Asia,ECA,Europe and Central Asia (excluding high income),LMC,Lower middle income,IDB,Blend,2004,56.2,1466.614,26029350,5.044002,2.239782,189.0121,5.604,0.215295426
68,Uzbekistan,ECS,Europe and Central Asia,ECA,Europe and Central Asia (excluding high income),LMC,Lower middle income,IDB,Blend,2005,56.1,1549.046,26356975,4.728646,2.250921,203.4015,5.277,0.200212657
68,Uzbekistan,ECS,Europe and Central Asia,ECA,Europe and Central Asia (excluding high income),LMC,Lower middle income,IDB,Blend,2006,56.9,1643.146,26699043,4.990756,2.281717,217.1681,5.399,0.202216986
68,Uzbekistan,ECS,Europe and Central Asia,ECA,Europe and Central Asia (excluding high income),LMC,Lower middle income,IDB,Blend,2007,57.5,1773.758,27076008,4.781635,2.384521,234.2114,5.138,0.189762095
68,Uzbekistan,ECS,Europe and Central Asia,ECA,Europe and Central Asia (excluding high income),LMC,Lower middle income,IDB,Blend,2008,58,1904.458,27494774,4.925554,2.507725,257.1249,4.891,0.177888351
68,Uzbekistan,ECS,Europe and Central Asia,ECA,Europe and Central Asia (excluding high income),LMC,Lower middle income,IDB,Blend,2009,58.7,2025.043,27939328,4.394379,2.565509,287.6766,4.545,0.16267392
68,Uzbekistan,ECS,Europe and Central Asia,ECA,Europe and Central Asia (excluding high income),LMC,Lower middle income,IDB,Blend,2010,59.1,2144.64,28385506,4.776276,2.538709,291.682,4.461617211,0.157179414
68,Uzbekistan,ECS,Europe and Central Asia,ECA,Europe and Central Asia (excluding high income),LMC,Lower middle income,IDB,Blend,2011,59.5,2271.009,28823196,4.799114,1.910184,313.0889,4.215617211,0.146257799
68,Uzbekistan,ECS,Europe and Central Asia,ECA,Europe and Central Asia (excluding high income),LMC,Lower middle income,IDB,Blend,2012,59.9,2395.84,29261903,4.19024,1.314896,342.2219,4.060210682,0.138754157
68,Uzbekistan,ECS,Europe and Central Asia,ECA,Europe and Central Asia (excluding high income),LMC,Lower middle income,IDB,Blend,2013,60.5,2530.685,29724065,4.062614,1.37098,366.7415,3.760617211,0.126517595
68,Uzbekistan,ECS,Europe and Central Asia,ECA,Europe and Central Asia (excluding high income),LMC,Lower middle income,IDB,Blend,2014,60.9,2659.991,30222994,3.732003,1.468138,292.8738,3.828617211,0.126678952
68,Uzbekistan,ECS,Europe and Central Asia,ECA,Europe and Central Asia (excluding high income),LMC,Lower middle income,IDB,Blend,2015,61.4,2803.19,30749346,3.488009,1.529722,322.0255,3.623940653,0.117854235
68,Uzbekistan,ECS,Europe and Central Asia,ECA,Europe and Central Asia (excluding high income),LMC,Lower middle income,IDB,Blend,2016,61.8,2918.677,31284568,3.635121,1.528385,326.2478,4.319305638,0.138065056
68,Uzbekistan,ECS,Europe and Central Asia,ECA,Europe and Central Asia (excluding high income),LMC,Lower middle income,IDB,Blend,2017,62.2,2995.768,31819178,3.70888,1.496791,336.8692,4.031986699,0.126715615
68,Uzbekistan,ECS,Europe and Central Asia,ECA,Europe and Central Asia (excluding high income),LMC,Lower middle income,IDB,Blend,2018,63,3108.162,32373490,3.763443,1.584535,375.0528,4.639018851,0.143296841
68,Uzbekistan,ECS,Europe and Central Asia,ECA,Europe and Central Asia (excluding high income),LMC,Lower middle income,IDB,Blend,2019,63.6,3259.37,32964701,3.798193,1.720561,424.3433,4.717205386,0.143098686
68,Uzbekistan,ECS,Europe and Central Asia,ECA,Europe and Central Asia (excluding high income),LMC,Lower middle income,IDB,Blend,2020,62.8,3249.052,33586372,3.663313,1.834589,535.3417,5.060670647,0.150676311
68,Uzbekistan,ECS,Europe and Central Asia,ECA,Europe and Central Asia (excluding high income),LMC,Lower middle income,IDB,Blend,2021,63.4,3442.725,34243696,3.904187,1.96003,675.5763,5.011686208,0.146353542
69,Vietnam,EAS,East Asia and Pacific,EAP,East Asia and Pacific (excluding high income),LMC,Lower middle income,IBD,IBRD,2000,63.74,1212.197,77154011,0.7325283,3.441252,107.3624,8.434095737,0.109315065
69,Vietnam,EAS,East Asia and Pacific,EAP,East Asia and Pacific (excluding high income),LMC,Lower middle income,IBD,IBRD,2001,63.86,1273.805,77969361,0.7960896,3.334803,134.8391,9.147209302,0.117317998
69,Vietnam,EAS,East Asia and Pacific,EAP,East Asia and Pacific (excluding high income),LMC,Lower middle income,IBD,IBRD,2002,63.95,1340.517,78772224,0.9274322,3.300157,116.1874,10.04173023,0.127478059
69,Vietnam,EAS,East Asia and Pacific,EAP,East Asia and Pacific (excluding high income),LMC,Lower middle income,IBD,IBRD,2003,64.02,1418.743,79563777,0.9755155,3.251752,127.7121,10.67100341,0.134118864
69,Vietnam,EAS,East Asia and Pacific,EAP,East Asia and Pacific (excluding high income),LMC,Lower middle income,IBD,IBRD,2004,64.08,1510.944,80338971,1.143802,3.20938,157.7855,12.66394704,0.157631432
69,Vietnam,EAS,East Asia and Pacific,EAP,East Asia and Pacific (excluding high income),LMC,Lower middle income,IBD,IBRD,2005,64.11,1609.963,81088313,1.239503,3.144785,168.1173,12.59117521,0.155277311
69,Vietnam,EAS,East Asia and Pacific,EAP,East Asia and Pacific (excluding high income),LMC,Lower middle income,IBD,IBRD,2006,64.18,1699.676,82167897,1.254923,3.523181,193.6215,12.33693684,0.150143028
69,Vietnam,EAS,East Asia and Pacific,EAP,East Asia and Pacific (excluding high income),LMC,Lower middle income,IBD,IBRD,2007,64.24,1788.948,83633375,1.366236,3.952592,212.0183,13.72661868,0.16412848
69,Vietnam,EAS,East Asia and Pacific,EAP,East Asia and Pacific (excluding high income),LMC,Lower middle income,IBD,IBRD,2008,64.29,1856.005,85175788,1.476184,3.993006,211.1622,14.36565265,0.168658876
69,Vietnam,EAS,East Asia and Pacific,EAP,East Asia and Pacific (excluding high income),LMC,Lower middle income,IBD,IBRD,2009,64.34,1927.134,86460018,1.628073,3.649737,226.9731,14.63430633,0.169260968
69,Vietnam,EAS,East Asia and Pacific,EAP,East Asia and Pacific (excluding high income),LMC,Lower middle income,IBD,IBRD,2010,64.41,2027.582,87455152,1.792017,3.321327,273.273,16.67806327,0.190704183
69,Vietnam,EAS,East Asia and Pacific,EAP,East Asia and Pacific (excluding high income),LMC,Lower middle income,IBD,IBRD,2011,64.51,2132.905,88468314,1.771157,3.308119,287.8414,16.54013688,0.18696114
69,Vietnam,EAS,East Asia and Pacific,EAP,East Asia and Pacific (excluding high income),LMC,Lower middle income,IBD,IBRD,2012,64.61,2224.114,89510356,1.744377,3.310106,317.6189,16.56425993,0.185054117
69,Vietnam,EAS,East Asia and Pacific,EAP,East Asia and Pacific (excluding high income),LMC,Lower middle income,IBD,IBRD,2013,64.69,2320.084,90573104,1.800403,3.290036,295.7128,17.20619103,0.189970204
69,Vietnam,EAS,East Asia and Pacific,EAP,East Asia and Pacific (excluding high income),LMC,Lower middle income,IBD,IBRD,2014,64.78,2439.287,91679578,1.950599,3.30756,338.0023,18.24591911,0.199018358
69,Vietnam,EAS,East Asia and Pacific,EAP,East Asia and Pacific (excluding high income),LMC,Lower middle income,IBD,IBRD,2015,64.84,2577.569,92823254,2.162231,3.313824,355.4279,22.15982227,0.238731366
69,Vietnam,EAS,East Asia and Pacific,EAP,East Asia and Pacific (excluding high income),LMC,Lower middle income,IBD,IBRD,2016,64.99,2715.579,94000117,2.387814,3.312092,399.3725,24.40207667,0.259596237
69,Vietnam,EAS,East Asia and Pacific,EAP,East Asia and Pacific (excluding high income),LMC,Lower middle income,IBD,IBRD,2017,65.14,2868.137,95176977,2.420792,3.260826,446.2144,25.54921102,0.268438984
69,Vietnam,EAS,East Asia and Pacific,EAP,East Asia and Pacific (excluding high income),LMC,Lower middle income,IBD,IBRD,2018,65.27,3048.283,96237319,2.949587,3.093022,489.2079,26.878212,0.279290947
69,Vietnam,EAS,East Asia and Pacific,EAP,East Asia and Pacific (excluding high income),LMC,Lower middle income,IBD,IBRD,2019,65.39,3241.076,97173776,3.48804,2.923024,523.9272,27.65731493,0.284617065
69,Vietnam,EAS,East Asia and Pacific,EAP,East Asia and Pacific (excluding high income),LMC,Lower middle income,IBD,IBRD,2020,66.16,3303.169,98079191,3.589588,2.85265,471.1282,23.51423668,0.239747457
69,Vietnam,EAS,East Asia and Pacific,EAP,East Asia and Pacific (excluding high income),LMC,Lower middle income,IBD,IBRD,2021,65.35,3358.217,98935098,3.447766,2.757733,524.7485,22.72191679,0.229664874
